batter_id,batter_name,pace_balls,pace_sr,pace_avg,pace_dismissals,spin_balls,spin_sr,spin_avg,spin_dismissals,bowling_type_tags
1c2a64cd,A Ashish Reddy,148,151.35,16.0,14.0,40,122.5,49.0,1.0,"VULNERABLE_VS_PACE, VULNERABLE_VS_LEFT_ARM_SPIN, SPECIALIST_VS_OFF_SPIN"
872b03f7,A Badoni,477,147.17,28.08,25.0,233,121.03,25.64,11.0,"SPECIALIST_VS_PACE, SPECIALIST_VS_LEFT_ARM_SPIN, VULNERABLE_VS_LEFT_ARM_WRIST_SPIN, VULNERABLE_VS_LEG_SPIN"
e249fdaa,A Chopra,51,82.35,14.0,3.0,20,55.0,5.5,2.0,"VULNERABLE_VS_PACE, VULNERABLE_VS_LEFT_ARM_SPIN, VULNERABLE_VS_LEG_SPIN, VULNERABLE_VS_OFF_SPIN"
ddc0828d,A Flintoff,36,116.67,21.0,2.0,14,121.43,,0.0,
0890552f,A Manohar,137,143.07,16.33,12.0,98,97.96,13.71,7.0,"VULNERABLE_VS_PACE, VULNERABLE_VS_SPIN, VULNERABLE_VS_LEFT_ARM_SPIN, VULNERABLE_VS_LEFT_ARM_WRIST_SPIN, VULNERABLE_VS_LEG_SPIN, VULNERABLE_VS_OFF_SPIN"
b2b4f545,A Mhatre,116,201.72,33.43,7.0,22,131.82,,0.0,SPECIALIST_VS_PACE
6b19d823,A Mishra,326,94.17,17.06,18.0,91,82.42,8.33,9.0,"VULNERABLE_VS_PACE, VULNERABLE_VS_SPIN, VULNERABLE_VS_LEFT_ARM_SPIN, VULNERABLE_VS_LEG_SPIN, VULNERABLE_VS_OFF_SPIN"
96fd40ae,A Nehra,46,52.17,6.0,4.0,14,107.14,7.5,2.0,"VULNERABLE_VS_PACE, VULNERABLE_VS_OFF_SPIN"
acdc62f5,A Nortje,44,120.45,10.6,5.0,8,25.0,,0.0,"VULNERABLE_VS_PACE, VULNERABLE_VS_LEG_SPIN, VULNERABLE_VS_OFF_SPIN"
d7017798,A Raghuvanshi,189,158.2,24.92,12.0,139,128.06,44.5,4.0,"SPECIALIST_VS_PACE, VULNERABLE_VS_LEFT_ARM_WRIST_SPIN, SPECIALIST_VS_LEG_SPIN"
bd77eb62,A Symonds,393,132.57,57.89,9.0,336,127.38,30.57,14.0,"SPECIALIST_VS_PACE, SPECIALIST_VS_LEG_SPIN"
bff458c6,AA Bilakhia,47,102.13,24.0,2.0,37,56.76,7.0,3.0,"VULNERABLE_VS_PACE, VULNERABLE_VS_SPIN, VULNERABLE_VS_LEFT_ARM_SPIN, VULNERABLE_VS_LEG_SPIN, VULNERABLE_VS_OFF_SPIN"
2815fe50,AA Jhunjhunwala,149,99.33,13.45,11.0,60,115.0,69.0,1.0,"VULNERABLE_VS_PACE, VULNERABLE_VS_LEG_SPIN"
fa463154,AB Agarkar,89,135.96,20.17,6.0,49,91.84,22.5,2.0,"VULNERABLE_VS_SPIN, VULNERABLE_VS_LEFT_ARM_SPIN, VULNERABLE_VS_LEG_SPIN, SPECIALIST_VS_OFF_SPIN"
66b30f71,AB Dinda,36,47.22,2.43,7.0,11,72.73,4.0,2.0,"VULNERABLE_VS_PACE, VULNERABLE_VS_LEG_SPIN"
16043342,AB McDonald,77,131.17,33.67,3.0,18,88.89,8.0,2.0,"SPECIALIST_VS_PACE, VULNERABLE_VS_LEFT_ARM_SPIN, VULNERABLE_VS_LEG_SPIN"
c4487b84,AB de Villiers,1954,163.15,44.28,72.0,1384,133.24,38.42,48.0,"SPECIALIST_VS_PACE, SPECIALIST_VS_SPIN, SPECIALIST_VS_LEFT_ARM_SPIN, SPECIALIST_VS_OFF_SPIN"
1efb8a28,AC Blizzard,55,158.18,17.4,5.0,35,94.29,16.5,2.0,"VULNERABLE_VS_PACE, VULNERABLE_VS_SPIN, VULNERABLE_VS_OFF_SPIN"
2b6e6dec,AC Gilchrist,1020,144.51,28.9,51.0,439,121.64,22.25,24.0,"SPECIALIST_VS_PACE, SPECIALIST_VS_LEFT_ARM_SPIN, VULNERABLE_VS_LEG_SPIN"
864c199e,AC Voges,101,120.79,40.67,3.0,42,140.48,59.0,1.0,SPECIALIST_VS_SPIN
92aeac25,AD Hales,79,156.96,41.33,3.0,41,73.17,10.0,3.0,"SPECIALIST_VS_PACE, VULNERABLE_VS_SPIN, VULNERABLE_VS_LEG_SPIN, VULNERABLE_VS_OFF_SPIN"
3edb58fc,AD Mascarenhas,37,113.51,10.5,4.0,41,90.24,7.4,5.0,"VULNERABLE_VS_PACE, VULNERABLE_VS_SPIN, VULNERABLE_VS_LEFT_ARM_SPIN, VULNERABLE_VS_OFF_SPIN"
896d78ad,AD Mathews,314,127.39,21.05,19.0,254,125.2,39.75,8.0,"VULNERABLE_VS_LEFT_ARM_SPIN, VULNERABLE_VS_LEFT_ARM_WRIST_SPIN, SPECIALIST_VS_LEG_SPIN, SPECIALIST_VS_OFF_SPIN"
f10e94c4,AD Nath,56,89.29,8.33,6.0,42,95.24,10.0,4.0,"VULNERABLE_VS_PACE, VULNERABLE_VS_SPIN, VULNERABLE_VS_LEFT_ARM_WRIST_SPIN, VULNERABLE_VS_LEG_SPIN, VULNERABLE_VS_OFF_SPIN"
bbd41817,AD Russell,1020,182.35,26.96,69.0,487,153.59,32.52,23.0,"SPECIALIST_VS_SPIN, SPECIALIST_VS_LEFT_ARM_SPIN, SPECIALIST_VS_LEG_SPIN"
3a02626a,AG Paunikar,44,68.18,10.0,3.0,11,163.64,9.0,2.0,"VULNERABLE_VS_PACE, VULNERABLE_VS_LEFT_ARM_SPIN"
b8d490fd,AJ Finch,1113,122.91,26.31,52.0,508,139.76,25.36,28.0,"SPECIALIST_VS_SPIN, SPECIALIST_VS_LEG_SPIN, SPECIALIST_VS_OFF_SPIN"
7c7d63a2,AJ Tye,58,108.62,9.0,7.0,15,140.0,21.0,1.0,"VULNERABLE_VS_PACE, VULNERABLE_VS_LEG_SPIN, VULNERABLE_VS_OFF_SPIN"
6a26221c,AK Markram,629,138.16,33.42,26.0,460,131.09,30.15,20.0,"SPECIALIST_VS_PACE, SPECIALIST_VS_SPIN, SPECIALIST_VS_LEFT_ARM_WRIST_SPIN, SPECIALIST_VS_LEG_SPIN, SPECIALIST_VS_OFF_SPIN"
8291f939,AL Menaria,146,103.42,21.57,7.0,193,116.58,16.07,14.0,"VULNERABLE_VS_PACE, VULNERABLE_VS_LEG_SPIN, VULNERABLE_VS_OFF_SPIN"
a45a5e8d,AM Nayar,291,115.46,16.8,20.0,270,112.96,20.33,15.0,VULNERABLE_VS_LEFT_ARM_SPIN
29e95537,AM Rahane,2641,126.69,34.85,96.0,1365,118.24,25.22,64.0,VULNERABLE_VS_LEFT_ARM_WRIST_SPIN
f4cb4f53,AP Majumdar,20,105.0,21.0,1.0,56,117.86,22.0,3.0,"SPECIALIST_VS_LEFT_ARM_SPIN, VULNERABLE_VS_LEG_SPIN, VULNERABLE_VS_OFF_SPIN"
855a210c,AP Tare,207,125.12,12.33,21.0,59,110.17,21.67,3.0,"VULNERABLE_VS_PACE, VULNERABLE_VS_LEFT_ARM_SPIN"
2e171977,AR Patel,875,134.17,21.35,55.0,559,132.74,25.59,29.0,"SPECIALIST_VS_PACE, SPECIALIST_VS_SPIN, VULNERABLE_VS_LEFT_ARM_WRIST_SPIN, SPECIALIST_VS_LEG_SPIN, VULNERABLE_VS_OFF_SPIN"
b0946605,AS Joseph,31,83.87,26.0,1.0,1,100.0,,0.0,"VULNERABLE_VS_PACE, VULNERABLE_VS_LEG_SPIN"
db31895a,AS Rajpoot,38,47.37,4.5,4.0,8,112.5,,0.0,"VULNERABLE_VS_PACE, VULNERABLE_VS_LEG_SPIN"
c69a7b5c,AS Raut,98,137.76,135.0,1.0,69,85.51,7.38,8.0,"SPECIALIST_VS_PACE, VULNERABLE_VS_SPIN, VULNERABLE_VS_LEFT_ARM_SPIN, VULNERABLE_VS_LEG_SPIN, VULNERABLE_VS_OFF_SPIN"
70d205c9,AT Rayudu,1986,133.33,28.17,94.0,1390,119.28,30.7,54.0,"SPECIALIST_VS_PACE, VULNERABLE_VS_LEFT_ARM_WRIST_SPIN"
8e514b4c,Abdul Samad,332,170.48,19.52,29.0,153,111.11,24.29,7.0,"VULNERABLE_VS_PACE, VULNERABLE_VS_LEFT_ARM_SPIN, VULNERABLE_VS_LEG_SPIN"
f29185a1,Abhishek Sharma,814,152.33,25.31,49.0,341,182.99,32.84,19.0,"SPECIALIST_VS_PACE, SPECIALIST_VS_SPIN, SPECIALIST_VS_LEG_SPIN, SPECIALIST_VS_OFF_SPIN"
ad3b6e95,Abishek Porel,291,162.54,33.79,14.0,149,126.17,17.09,11.0,"SPECIALIST_VS_PACE, VULNERABLE_VS_LEG_SPIN, VULNERABLE_VS_OFF_SPIN"
378daa89,Aman Hakim Khan,54,142.59,15.4,5.0,51,74.51,7.6,5.0,"VULNERABLE_VS_PACE, VULNERABLE_VS_SPIN, VULNERABLE_VS_LEFT_ARM_SPIN, VULNERABLE_VS_LEFT_ARM_WRIST_SPIN, VULNERABLE_VS_LEG_SPIN, VULNERABLE_VS_OFF_SPIN"
a3b0600d,Aniket Verma,85,147.06,17.86,7.0,64,176.56,28.25,4.0,"SPECIALIST_VS_SPIN, SPECIALIST_VS_LEFT_ARM_SPIN, VULNERABLE_VS_LEFT_ARM_WRIST_SPIN, VULNERABLE_VS_OFF_SPIN"
7bb62642,Anirudh Singh,37,94.59,11.67,3.0,21,80.95,17.0,1.0,"VULNERABLE_VS_PACE, VULNERABLE_VS_LEG_SPIN, VULNERABLE_VS_OFF_SPIN"
24d94623,Ankit Sharma,29,117.24,6.8,5.0,34,114.71,19.5,2.0,VULNERABLE_VS_LEG_SPIN
1399b39c,Anmolpreet Singh,66,127.27,16.8,5.0,36,111.11,10.0,4.0,"VULNERABLE_VS_SPIN, VULNERABLE_VS_LEFT_ARM_WRIST_SPIN, VULNERABLE_VS_LEG_SPIN"
c8f5f961,Anuj Rawat,181,135.36,24.5,10.0,86,84.88,18.25,4.0,"SPECIALIST_VS_PACE, VULNERABLE_VS_SPIN, VULNERABLE_VS_LEFT_ARM_SPIN, VULNERABLE_VS_LEFT_ARM_WRIST_SPIN, VULNERABLE_VS_OFF_SPIN"
69be866a,Anureet Singh,41,60.98,6.25,4.0,6,183.33,,0.0,"VULNERABLE_VS_PACE, VULNERABLE_VS_LEFT_ARM_SPIN, VULNERABLE_VS_OFF_SPIN"
12314277,Arshad Khan,62,153.23,31.67,3.0,28,107.14,10.0,3.0,"SPECIALIST_VS_PACE, VULNERABLE_VS_LEFT_ARM_SPIN"
244048f6,Arshdeep Singh,43,81.4,5.0,7.0,6,0.0,,0.0,"VULNERABLE_VS_PACE, VULNERABLE_VS_LEFT_ARM_SPIN, VULNERABLE_VS_OFF_SPIN"
84d9c311,Ashutosh Sharma,178,169.66,30.2,10.0,67,149.25,20.0,5.0,"SPECIALIST_VS_PACE, VULNERABLE_VS_LEFT_ARM_SPIN, VULNERABLE_VS_LEFT_ARM_WRIST_SPIN, VULNERABLE_VS_OFF_SPIN"
1ac746c8,Atharva Taide,121,153.72,26.57,7.0,54,131.48,23.67,3.0,"SPECIALIST_VS_PACE, SPECIALIST_VS_SPIN, SPECIALIST_VS_LEFT_ARM_SPIN, VULNERABLE_VS_LEFT_ARM_WRIST_SPIN, VULNERABLE_VS_OFF_SPIN"
9a158001,Azhar Mahmood,216,118.06,21.25,12.0,87,152.87,19.0,7.0,"VULNERABLE_VS_LEG_SPIN, SPECIALIST_VS_OFF_SPIN"
8f6dd463,Azmatullah Omarzai,34,147.06,10.0,5.0,37,129.73,16.0,3.0,"VULNERABLE_VS_PACE, VULNERABLE_VS_LEFT_ARM_SPIN, VULNERABLE_VS_LEFT_ARM_WRIST_SPIN"
af7dadf7,B Akhil,41,117.07,16.0,3.0,10,90.0,4.5,2.0,VULNERABLE_VS_LEG_SPIN
5451a2c1,B Chipli,149,106.71,14.45,11.0,94,111.7,26.25,4.0,"VULNERABLE_VS_PACE, VULNERABLE_VS_LEFT_ARM_SPIN, SPECIALIST_VS_OFF_SPIN"
2e81a32d,B Kumar,278,90.65,9.69,26.0,74,93.24,7.67,9.0,"VULNERABLE_VS_PACE, VULNERABLE_VS_SPIN, VULNERABLE_VS_LEFT_ARM_SPIN, VULNERABLE_VS_LEG_SPIN, VULNERABLE_VS_OFF_SPIN"
dd09ff8e,B Lee,69,150.72,20.8,5.0,27,74.07,5.0,4.0,"VULNERABLE_VS_LEFT_ARM_SPIN, VULNERABLE_VS_OFF_SPIN"
d5130a30,B Sai Sudharsan,803,142.22,45.68,25.0,413,150.12,68.89,9.0,"SPECIALIST_VS_PACE, SPECIALIST_VS_SPIN, SPECIALIST_VS_LEFT_ARM_SPIN, SPECIALIST_VS_LEG_SPIN, SPECIALIST_VS_OFF_SPIN"
e087956b,BA Stokes,422,135.78,23.88,24.0,272,131.62,25.57,14.0,"SPECIALIST_VS_PACE, SPECIALIST_VS_SPIN, SPECIALIST_VS_LEFT_ARM_SPIN, VULNERABLE_VS_LEFT_ARM_WRIST_SPIN"
b8a55852,BB McCullum,1396,140.97,31.74,62.0,740,108.78,20.64,39.0,"SPECIALIST_VS_PACE, VULNERABLE_VS_SPIN, VULNERABLE_VS_LEFT_ARM_SPIN, VULNERABLE_VS_OFF_SPIN"
53f27a35,BB Samantray,76,114.47,21.75,4.0,37,102.7,38.0,1.0,"VULNERABLE_VS_SPIN, VULNERABLE_VS_LEFT_ARM_SPIN, VULNERABLE_VS_OFF_SPIN"
2e11c706,BCJ Cutting,104,190.38,49.5,4.0,36,97.22,5.83,6.0,"SPECIALIST_VS_PACE, VULNERABLE_VS_SPIN, VULNERABLE_VS_LEFT_ARM_SPIN, VULNERABLE_VS_LEFT_ARM_WRIST_SPIN, VULNERABLE_VS_OFF_SPIN"
b57f8a9a,BJ Hodge,610,136.72,29.79,28.0,461,109.11,41.92,12.0,"SPECIALIST_VS_PACE, VULNERABLE_VS_SPIN, VULNERABLE_VS_LEG_SPIN"
27af6414,BJ Rohrer,81,139.51,22.6,5.0,59,135.59,80.0,1.0,"SPECIALIST_VS_PACE, SPECIALIST_VS_SPIN"
272d796e,BR Dunk,35,114.29,13.33,3.0,0,0.0,,0.0,VULNERABLE_VS_PACE
871e9faf,Basil Thampi,34,94.12,,0.0,1,0.0,0.0,1.0,"VULNERABLE_VS_PACE, VULNERABLE_VS_LEG_SPIN"
c18496e1,Bipul Sharma,81,153.09,41.33,3.0,42,150.0,21.0,3.0,"SPECIALIST_VS_PACE, VULNERABLE_VS_LEFT_ARM_SPIN, SPECIALIST_VS_OFF_SPIN"
172dff15,C Bosch,31,161.29,25.0,2.0,4,75.0,,0.0,"SPECIALIST_VS_PACE, VULNERABLE_VS_LEG_SPIN"
eaa76d3c,C Green,245,162.04,33.08,12.0,209,140.67,58.8,5.0,"SPECIALIST_VS_PACE, SPECIALIST_VS_SPIN, SPECIALIST_VS_LEFT_ARM_SPIN, SPECIALIST_VS_LEFT_ARM_WRIST_SPIN, SPECIALIST_VS_OFF_SPIN"
af2c687b,C Munro,88,134.09,39.33,3.0,50,108.0,9.0,6.0,"SPECIALIST_VS_PACE, VULNERABLE_VS_SPIN, VULNERABLE_VS_LEFT_ARM_SPIN, VULNERABLE_VS_LEG_SPIN, VULNERABLE_VS_OFF_SPIN"
94d7f855,C de Grandhomme,148,129.73,19.2,10.0,81,140.74,28.5,4.0,"SPECIALIST_VS_SPIN, SPECIALIST_VS_LEG_SPIN"
c995d726,CA Ingram,74,121.62,12.86,7.0,105,109.52,23.0,5.0,"VULNERABLE_VS_PACE, VULNERABLE_VS_SPIN, SPECIALIST_VS_LEFT_ARM_SPIN, VULNERABLE_VS_LEFT_ARM_WRIST_SPIN, VULNERABLE_VS_OFF_SPIN"
45eda7c8,CA Lynn,569,147.28,38.09,22.0,382,126.96,30.31,16.0,SPECIALIST_VS_PACE
d4f9dbd4,CA Pujara,272,101.1,22.92,12.0,99,93.94,15.5,6.0,"VULNERABLE_VS_PACE, VULNERABLE_VS_SPIN, VULNERABLE_VS_LEFT_ARM_SPIN, VULNERABLE_VS_LEG_SPIN, VULNERABLE_VS_OFF_SPIN"
db584dad,CH Gayle,2283,143.63,37.26,88.0,1006,157.16,46.5,34.0,"SPECIALIST_VS_PACE, SPECIALIST_VS_SPIN, SPECIALIST_VS_LEFT_ARM_SPIN, SPECIALIST_VS_LEG_SPIN"
fb66ce1f,CH Morris,304,156.58,23.8,20.0,100,148.0,18.5,8.0,"SPECIALIST_VS_PACE, VULNERABLE_VS_LEFT_ARM_SPIN, SPECIALIST_VS_LEG_SPIN, VULNERABLE_VS_OFF_SPIN"
8abdf100,CJ Anderson,246,126.83,24.0,13.0,180,130.0,26.0,9.0,"SPECIALIST_VS_SPIN, SPECIALIST_VS_LEFT_ARM_SPIN, VULNERABLE_VS_LEFT_ARM_WRIST_SPIN, SPECIALIST_VS_LEG_SPIN, VULNERABLE_VS_OFF_SPIN"
9b4935c8,CJ Ferguson,42,114.29,48.0,1.0,75,66.67,10.0,5.0,"VULNERABLE_VS_SPIN, VULNERABLE_VS_LEFT_ARM_SPIN, VULNERABLE_VS_LEG_SPIN, VULNERABLE_VS_OFF_SPIN"
ffe699c0,CJ Jordan,56,121.43,8.5,8.0,21,61.9,13.0,1.0,"VULNERABLE_VS_PACE, VULNERABLE_VS_LEG_SPIN, VULNERABLE_VS_OFF_SPIN"
d0513f63,CL White,438,131.96,28.9,20.0,305,116.39,25.36,14.0,"SPECIALIST_VS_PACE, SPECIALIST_VS_LEFT_ARM_SPIN, VULNERABLE_VS_LEG_SPIN, VULNERABLE_VS_OFF_SPIN"
30a2649b,CM Gautam,118,114.41,19.29,7.0,31,109.68,17.0,2.0,"VULNERABLE_VS_SPIN, VULNERABLE_VS_LEG_SPIN"
e342e5fb,CR Brathwaite,79,168.35,14.78,9.0,28,146.43,13.67,3.0,"VULNERABLE_VS_PACE, VULNERABLE_VS_LEFT_ARM_SPIN, VULNERABLE_VS_OFF_SPIN"
4c5d73db,CR Woakes,54,116.67,15.75,4.0,23,65.22,15.0,1.0,"VULNERABLE_VS_LEFT_ARM_SPIN, VULNERABLE_VS_LEG_SPIN"
5b7ab5a9,CV Varun,41,63.41,13.0,2.0,9,11.11,,0.0,"VULNERABLE_VS_PACE, VULNERABLE_VS_LEFT_ARM_WRIST_SPIN, VULNERABLE_VS_LEG_SPIN, VULNERABLE_VS_OFF_SPIN"
844e79d1,D Brevis,150,167.33,20.92,12.0,151,146.36,55.25,4.0,"SPECIALIST_VS_SPIN, SPECIALIST_VS_LEG_SPIN"
2c25d4f5,D Padikkal,949,127.4,22.81,53.0,488,124.8,30.45,20.0,"SPECIALIST_VS_LEFT_ARM_SPIN, VULNERABLE_VS_LEFT_ARM_WRIST_SPIN"
aa8d28ae,D Wiese,92,154.35,28.4,5.0,8,62.5,,0.0,"SPECIALIST_VS_PACE, VULNERABLE_VS_LEFT_ARM_SPIN, VULNERABLE_VS_LEFT_ARM_WRIST_SPIN, VULNERABLE_VS_LEG_SPIN"
d67d5f00,DA Miller,1331,143.28,33.46,57.0,876,130.14,42.22,27.0,"SPECIALIST_VS_PACE, SPECIALIST_VS_SPIN, SPECIALIST_VS_LEFT_ARM_SPIN, VULNERABLE_VS_LEFT_ARM_WRIST_SPIN, SPECIALIST_VS_LEG_SPIN"
dcce6f09,DA Warner,2973,137.47,35.85,114.0,1653,143.07,59.12,40.0,"SPECIALIST_VS_PACE, SPECIALIST_VS_SPIN, SPECIALIST_VS_LEFT_ARM_SPIN, SPECIALIST_VS_LEFT_ARM_WRIST_SPIN, SPECIALIST_VS_LEG_SPIN, SPECIALIST_VS_OFF_SPIN"
7050a1e7,DB Das,161,101.24,14.82,11.0,99,142.42,141.0,1.0,"VULNERABLE_VS_PACE, SPECIALIST_VS_SPIN, SPECIALIST_VS_OFF_SPIN"
b720a5d6,DB Ravi Teja,199,123.12,17.5,14.0,116,110.34,25.6,5.0,"VULNERABLE_VS_LEFT_ARM_SPIN, VULNERABLE_VS_OFF_SPIN"
063b3673,DH Yagnik,87,129.89,18.83,6.0,46,119.57,18.33,3.0,VULNERABLE_VS_LEG_SPIN
87e562a9,DJ Bravo,758,134.96,20.88,49.0,429,118.88,30.0,17.0,"SPECIALIST_VS_PACE, VULNERABLE_VS_LEFT_ARM_SPIN, SPECIALIST_VS_OFF_SPIN"
39f82db3,DJ Harris,52,96.15,25.0,2.0,49,124.49,61.0,1.0,VULNERABLE_VS_PACE
73ad96ed,DJ Hooda,708,129.24,18.67,49.0,468,123.72,19.3,30.0,VULNERABLE_VS_OFF_SPIN
fd835ab3,DJ Hussey,585,124.27,31.61,23.0,451,118.85,25.52,21.0,"SPECIALIST_VS_LEG_SPIN, VULNERABLE_VS_OFF_SPIN"
a84468fe,DJ Jacobs,72,97.22,11.67,6.0,26,84.62,22.0,1.0,"VULNERABLE_VS_PACE, VULNERABLE_VS_LEFT_ARM_SPIN"
eade4650,DJ Mitchell,179,128.49,23.0,10.0,91,136.26,41.33,3.0,"SPECIALIST_VS_SPIN, SPECIALIST_VS_LEFT_ARM_SPIN, VULNERABLE_VS_LEFT_ARM_WRIST_SPIN, SPECIALIST_VS_LEG_SPIN, SPECIALIST_VS_OFF_SPIN"
7d3937ed,DJ Thornely,40,67.5,27.0,1.0,13,92.31,6.0,2.0,"VULNERABLE_VS_PACE, VULNERABLE_VS_LEFT_ARM_SPIN, VULNERABLE_VS_LEG_SPIN, VULNERABLE_VS_OFF_SPIN"
7f048519,DJ Willey,25,108.0,,0.0,37,70.27,13.0,2.0,"VULNERABLE_VS_SPIN, VULNERABLE_VS_LEG_SPIN, VULNERABLE_VS_OFF_SPIN"
c03c6200,DJG Sammy,120,150.83,18.1,10.0,113,90.27,20.4,5.0,"VULNERABLE_VS_SPIN, VULNERABLE_VS_LEG_SPIN, VULNERABLE_VS_OFF_SPIN"
1a156c88,DJM Short,44,136.36,30.0,2.0,55,100.0,11.0,5.0,"SPECIALIST_VS_PACE, VULNERABLE_VS_SPIN, VULNERABLE_VS_LEFT_ARM_SPIN, VULNERABLE_VS_LEFT_ARM_WRIST_SPIN, VULNERABLE_VS_LEG_SPIN"
23eeb873,DL Chahar,54,144.44,19.5,4.0,33,124.24,10.25,4.0,"VULNERABLE_VS_SPIN, VULNERABLE_VS_LEFT_ARM_WRIST_SPIN, VULNERABLE_VS_LEG_SPIN"
d7c6af50,DL Vettori,70,115.71,27.0,3.0,40,95.0,9.5,4.0,"VULNERABLE_VS_SPIN, VULNERABLE_VS_LEFT_ARM_SPIN, VULNERABLE_VS_LEG_SPIN, VULNERABLE_VS_OFF_SPIN"
df5a6881,DP Conway,478,135.98,46.43,14.0,292,147.6,43.1,10.0,"SPECIALIST_VS_PACE, SPECIALIST_VS_SPIN, SPECIALIST_VS_LEFT_ARM_SPIN, SPECIALIST_VS_LEFT_ARM_WRIST_SPIN, SPECIALIST_VS_LEG_SPIN, SPECIALIST_VS_OFF_SPIN"
d18f9182,DPMD Jayawardene,918,120.04,31.49,35.0,504,126.59,31.9,20.0,"SPECIALIST_VS_LEG_SPIN, SPECIALIST_VS_OFF_SPIN"
caf69bf7,DR Sams,30,76.67,3.83,6.0,14,150.0,7.0,3.0,"VULNERABLE_VS_PACE, VULNERABLE_VS_LEFT_ARM_SPIN, VULNERABLE_VS_LEG_SPIN"
35205dfc,DR Smith,1147,126.59,31.57,46.0,606,150.99,26.91,34.0,"SPECIALIST_VS_SPIN, SPECIALIST_VS_LEFT_ARM_SPIN, SPECIALIST_VS_LEG_SPIN, SPECIALIST_VS_OFF_SPIN"
d2a989fc,DS Kulkarni,68,97.06,13.2,5.0,40,95.0,12.67,3.0,"VULNERABLE_VS_PACE, VULNERABLE_VS_SPIN, VULNERABLE_VS_LEFT_ARM_SPIN, VULNERABLE_VS_LEG_SPIN"
2a2e6343,DT Christian,251,120.32,15.1,20.0,143,104.9,21.43,7.0,"VULNERABLE_VS_SPIN, VULNERABLE_VS_LEFT_ARM_SPIN, VULNERABLE_VS_LEFT_ARM_WRIST_SPIN, VULNERABLE_VS_OFF_SPIN"
8fd1a8f5,DW Steyn,131,111.45,9.12,16.0,27,70.37,4.75,4.0,"VULNERABLE_VS_PACE, VULNERABLE_VS_LEFT_ARM_SPIN, VULNERABLE_VS_LEG_SPIN, VULNERABLE_VS_OFF_SPIN"
bcf325d2,Dhruv Jurel,277,175.09,32.33,15.0,173,124.86,30.86,7.0,"SPECIALIST_VS_PACE, VULNERABLE_VS_OFF_SPIN"
0ebfb1ad,E Lewis,327,135.47,27.69,16.0,156,140.38,27.38,8.0,"SPECIALIST_VS_PACE, SPECIALIST_VS_SPIN, VULNERABLE_VS_LEFT_ARM_SPIN, VULNERABLE_VS_LEFT_ARM_WRIST_SPIN, SPECIALIST_VS_LEG_SPIN, SPECIALIST_VS_OFF_SPIN"
d2a6c0e6,EJG Morgan,724,124.45,22.52,40.0,428,117.99,26.58,19.0,"VULNERABLE_VS_LEFT_ARM_SPIN, VULNERABLE_VS_LEG_SPIN, SPECIALIST_VS_OFF_SPIN"
3355b542,F du Plessis,2129,145.23,36.81,84.0,1375,120.51,38.53,43.0,"SPECIALIST_VS_PACE, SPECIALIST_VS_LEFT_ARM_SPIN, VULNERABLE_VS_LEFT_ARM_WRIST_SPIN, VULNERABLE_VS_OFF_SPIN"
c15e2193,FY Fazal,110,106.36,19.5,6.0,62,106.45,22.0,3.0,"VULNERABLE_VS_PACE, VULNERABLE_VS_SPIN, VULNERABLE_VS_LEG_SPIN, VULNERABLE_VS_OFF_SPIN"
bb345e0b,G Gambhir,2284,118.83,29.5,92.0,1036,130.5,42.25,32.0,"SPECIALIST_VS_SPIN, SPECIALIST_VS_LEFT_ARM_SPIN"
72861603,GC Smith,455,103.52,26.17,18.0,178,115.17,29.29,7.0,"VULNERABLE_VS_PACE, SPECIALIST_VS_LEFT_ARM_SPIN, VULNERABLE_VS_OFF_SPIN"
9a46c4e5,GD Phillips,42,78.57,6.6,5.0,10,110.0,5.5,2.0,"VULNERABLE_VS_PACE, VULNERABLE_VS_LEFT_ARM_SPIN, VULNERABLE_VS_OFF_SPIN"
94253925,GH Vihari,195,87.69,14.25,12.0,122,89.34,15.57,7.0,"VULNERABLE_VS_PACE, VULNERABLE_VS_SPIN, VULNERABLE_VS_LEFT_ARM_SPIN, VULNERABLE_VS_LEFT_ARM_WRIST_SPIN, VULNERABLE_VS_LEG_SPIN, VULNERABLE_VS_OFF_SPIN"
5056011d,GJ Bailey,348,131.9,30.6,15.0,187,100.53,17.09,11.0,"SPECIALIST_VS_PACE, VULNERABLE_VS_SPIN, VULNERABLE_VS_LEG_SPIN, VULNERABLE_VS_OFF_SPIN"
b681e71e,GJ Maxwell,964,151.14,25.56,57.0,836,159.81,23.03,58.0,"SPECIALIST_VS_PACE, VULNERABLE_VS_LEFT_ARM_WRIST_SPIN, SPECIALIST_VS_LEG_SPIN, SPECIALIST_VS_OFF_SPIN"
6eb146d2,Gurkeerat Singh,249,122.49,21.79,14.0,173,119.08,20.6,10.0,VULNERABLE_VS_LEFT_ARM_SPIN
235c2bb6,H Klaasen,487,165.71,32.28,25.0,378,174.07,54.83,12.0,"SPECIALIST_VS_PACE, SPECIALIST_VS_SPIN, SPECIALIST_VS_LEFT_ARM_SPIN, SPECIALIST_VS_LEG_SPIN, SPECIALIST_VS_OFF_SPIN"
4ae1755b,HC Brook,110,125.45,23.0,6.0,49,106.12,17.33,3.0,"VULNERABLE_VS_SPIN, VULNERABLE_VS_LEFT_ARM_SPIN, VULNERABLE_VS_LEG_SPIN"
e1d1b294,HH Gibbs,486,118.31,30.26,19.0,302,93.05,23.42,12.0,"VULNERABLE_VS_SPIN, VULNERABLE_VS_LEFT_ARM_SPIN, VULNERABLE_VS_LEG_SPIN, VULNERABLE_VS_OFF_SPIN"
dbe50b21,HH Pandya,1238,153.63,25.7,74.0,645,134.73,41.38,21.0,"SPECIALIST_VS_PACE, SPECIALIST_VS_SPIN, SPECIALIST_VS_LEG_SPIN, SPECIALIST_VS_OFF_SPIN"
e798611a,HM Amla,280,148.93,46.33,9.0,114,127.19,48.33,3.0,"SPECIALIST_VS_PACE, SPECIALIST_VS_LEFT_ARM_SPIN, VULNERABLE_VS_OFF_SPIN"
0c9652b0,HR Shokeen,35,97.14,17.0,2.0,27,107.41,29.0,1.0,"VULNERABLE_VS_PACE, VULNERABLE_VS_OFF_SPIN"
f986ca1a,HV Patel,161,124.84,9.57,21.0,68,101.47,17.25,4.0,"VULNERABLE_VS_PACE, VULNERABLE_VS_SPIN, VULNERABLE_VS_LEFT_ARM_SPIN, VULNERABLE_VS_LEFT_ARM_WRIST_SPIN, VULNERABLE_VS_LEG_SPIN"
8b5b6769,Harbhajan Singh,417,147.96,16.68,37.0,169,107.1,15.08,12.0,"VULNERABLE_VS_PACE, VULNERABLE_VS_SPIN, VULNERABLE_VS_LEFT_ARM_SPIN, VULNERABLE_VS_LEG_SPIN, VULNERABLE_VS_OFF_SPIN"
c05edf8e,Harpreet Brar,153,126.14,19.3,10.0,61,91.8,18.67,3.0,"VULNERABLE_VS_SPIN, SPECIALIST_VS_LEFT_ARM_SPIN, VULNERABLE_VS_LEFT_ARM_WRIST_SPIN, VULNERABLE_VS_LEG_SPIN, VULNERABLE_VS_OFF_SPIN"
28c78fb3,Harpreet Singh,72,108.33,26.0,3.0,49,93.88,15.33,3.0,"VULNERABLE_VS_PACE, VULNERABLE_VS_SPIN, VULNERABLE_VS_LEG_SPIN, VULNERABLE_VS_OFF_SPIN"
77b1aa15,Harshit Rana,41,75.61,6.2,5.0,16,181.25,29.0,1.0,"VULNERABLE_VS_PACE, VULNERABLE_VS_LEG_SPIN, VULNERABLE_VS_OFF_SPIN"
5bb1a1c4,I Sharma,46,69.57,8.0,4.0,22,113.64,25.0,1.0,"VULNERABLE_VS_PACE, VULNERABLE_VS_LEG_SPIN, VULNERABLE_VS_OFF_SPIN"
5fa06777,IK Pathan,581,132.53,24.84,31.0,350,102.0,21.0,17.0,"SPECIALIST_VS_PACE, VULNERABLE_VS_SPIN, VULNERABLE_VS_LEFT_ARM_SPIN, VULNERABLE_VS_OFF_SPIN"
dded65e7,IR Jaggi,61,81.97,25.0,2.0,36,72.22,8.67,3.0,"VULNERABLE_VS_PACE, VULNERABLE_VS_SPIN, VULNERABLE_VS_LEFT_ARM_SPIN, VULNERABLE_VS_LEG_SPIN, VULNERABLE_VS_OFF_SPIN"
85aae393,Iqbal Abdulla,63,109.52,69.0,1.0,19,94.74,,0.0,"VULNERABLE_VS_PACE, VULNERABLE_VS_LEG_SPIN, VULNERABLE_VS_OFF_SPIN"
752f7486,Ishan Kishan,1369,140.18,29.52,65.0,826,132.32,28.76,38.0,"SPECIALIST_VS_PACE, SPECIALIST_VS_SPIN, SPECIALIST_VS_LEFT_ARM_SPIN, VULNERABLE_VS_OFF_SPIN"
7c503806,J Botha,219,118.26,23.55,11.0,130,107.69,15.56,9.0,"VULNERABLE_VS_SPIN, SPECIALIST_VS_LEFT_ARM_SPIN, VULNERABLE_VS_LEG_SPIN, VULNERABLE_VS_OFF_SPIN"
9b6e1b3f,J Fraser-McGurk,142,179.58,25.5,10.0,48,247.92,29.75,4.0,SPECIALIST_VS_LEFT_ARM_SPIN
4125d931,J Suchith,44,104.55,23.0,2.0,20,120.0,12.0,2.0,"VULNERABLE_VS_PACE, VULNERABLE_VS_LEG_SPIN"
c3d35165,JA Morkel,427,137.0,21.67,27.0,253,149.8,34.45,11.0,"SPECIALIST_VS_PACE, SPECIALIST_VS_SPIN, SPECIALIST_VS_LEG_SPIN, SPECIALIST_VS_OFF_SPIN"
5574750c,JC Archer,149,148.99,13.88,16.0,25,108.0,13.5,2.0,"VULNERABLE_VS_PACE, VULNERABLE_VS_LEFT_ARM_SPIN, VULNERABLE_VS_LEG_SPIN, VULNERABLE_VS_OFF_SPIN"
99b75528,JC Buttler,1829,152.0,38.61,72.0,933,142.34,45.79,29.0,"SPECIALIST_VS_PACE, SPECIALIST_VS_SPIN, SPECIALIST_VS_LEFT_ARM_SPIN, SPECIALIST_VS_LEFT_ARM_WRIST_SPIN, SPECIALIST_VS_OFF_SPIN"
91ffa6c6,JD Ryder,280,134.64,25.13,15.0,158,118.35,15.58,12.0,"SPECIALIST_VS_PACE, VULNERABLE_VS_LEFT_ARM_SPIN, VULNERABLE_VS_LEG_SPIN"
1e66c162,JD Unadkat,129,123.26,15.9,10.0,47,89.36,14.0,3.0,"VULNERABLE_VS_SPIN, VULNERABLE_VS_LEFT_ARM_SPIN, VULNERABLE_VS_LEFT_ARM_WRIST_SPIN, VULNERABLE_VS_LEG_SPIN, VULNERABLE_VS_OFF_SPIN"
3eac9d95,JDP Oram,55,90.91,8.33,6.0,49,104.08,25.5,2.0,"VULNERABLE_VS_PACE, VULNERABLE_VS_SPIN, VULNERABLE_VS_LEFT_ARM_SPIN, VULNERABLE_VS_OFF_SPIN"
9219eff0,JDS Neesham,27,111.11,7.5,4.0,66,93.94,15.5,4.0,"VULNERABLE_VS_SPIN, VULNERABLE_VS_LEFT_ARM_SPIN, VULNERABLE_VS_OFF_SPIN"
cf73ad76,JEC Franklin,174,112.07,19.5,10.0,126,104.76,132.0,1.0,"VULNERABLE_VS_SPIN, VULNERABLE_VS_LEG_SPIN, VULNERABLE_VS_OFF_SPIN"
86dc8f2e,JH Kallis,1341,113.42,28.17,54.0,837,102.03,29.45,29.0,"VULNERABLE_VS_SPIN, VULNERABLE_VS_LEFT_ARM_SPIN, VULNERABLE_VS_LEG_SPIN, VULNERABLE_VS_OFF_SPIN"
462411b3,JJ Bumrah,68,97.06,16.5,4.0,11,18.18,1.0,2.0,"VULNERABLE_VS_PACE, VULNERABLE_VS_LEFT_ARM_SPIN, VULNERABLE_VS_LEG_SPIN, VULNERABLE_VS_OFF_SPIN"
d1c36f5c,JJ Roy,295,130.85,38.6,10.0,143,155.94,27.88,8.0,"SPECIALIST_VS_PACE, SPECIALIST_VS_SPIN, SPECIALIST_VS_LEFT_ARM_SPIN, VULNERABLE_VS_LEFT_ARM_WRIST_SPIN, SPECIALIST_VS_LEG_SPIN, SPECIALIST_VS_OFF_SPIN"
abb83e27,JM Bairstow,714,153.36,39.11,28.0,438,134.93,29.55,20.0,"SPECIALIST_VS_PACE, SPECIALIST_VS_SPIN, SPECIALIST_VS_LEFT_ARM_SPIN, VULNERABLE_VS_LEFT_ARM_WRIST_SPIN, SPECIALIST_VS_OFF_SPIN"
800d2d97,JM Sharma,411,159.37,26.2,25.0,217,150.69,21.8,15.0,"SPECIALIST_VS_PACE, VULNERABLE_VS_LEFT_ARM_SPIN, SPECIALIST_VS_LEG_SPIN"
0f721006,JO Holder,151,143.05,12.71,17.0,65,78.46,10.2,5.0,"VULNERABLE_VS_PACE, VULNERABLE_VS_SPIN, VULNERABLE_VS_LEFT_ARM_SPIN, VULNERABLE_VS_OFF_SPIN"
2e8994e7,JP Duminy,869,134.64,39.0,30.0,748,113.5,53.06,16.0,"SPECIALIST_VS_PACE, VULNERABLE_VS_OFF_SPIN"
808f425a,JP Faulkner,278,147.12,17.78,23.0,96,87.5,28.0,3.0,"VULNERABLE_VS_SPIN, VULNERABLE_VS_LEFT_ARM_SPIN, VULNERABLE_VS_LEG_SPIN"
989889ff,JP Inglis,121,181.82,55.0,4.0,55,136.36,18.75,4.0,"SPECIALIST_VS_PACE, SPECIALIST_VS_LEFT_ARM_SPIN, VULNERABLE_VS_OFF_SPIN"
2498e163,JR Hopes,193,130.05,25.1,10.0,105,144.76,25.33,6.0,"SPECIALIST_VS_PACE, SPECIALIST_VS_SPIN, VULNERABLE_VS_LEG_SPIN, SPECIALIST_VS_OFF_SPIN"
39086549,JR Philippe,51,92.16,23.5,2.0,26,119.23,15.5,2.0,"VULNERABLE_VS_PACE, VULNERABLE_VS_LEG_SPIN, VULNERABLE_VS_OFF_SPIN"
a1f1829d,K Goel,197,98.98,19.5,10.0,34,67.65,7.67,3.0,"VULNERABLE_VS_PACE, VULNERABLE_VS_SPIN, VULNERABLE_VS_LEFT_ARM_SPIN, VULNERABLE_VS_LEG_SPIN, VULNERABLE_VS_OFF_SPIN"
90de905a,K Gowtham,107,187.85,12.56,16.0,38,118.42,22.5,2.0,"VULNERABLE_VS_PACE, VULNERABLE_VS_LEFT_ARM_SPIN, VULNERABLE_VS_LEFT_ARM_WRIST_SPIN, VULNERABLE_VS_LEG_SPIN"
e62dd25d,K Rabada,160,118.75,13.57,14.0,38,65.79,12.5,2.0,"VULNERABLE_VS_PACE, VULNERABLE_VS_SPIN, VULNERABLE_VS_LEFT_ARM_SPIN, VULNERABLE_VS_LEFT_ARM_WRIST_SPIN, VULNERABLE_VS_LEG_SPIN, VULNERABLE_VS_OFF_SPIN"
68c56d09,KA Jamieson,41,129.27,17.67,3.0,19,63.16,,0.0,"VULNERABLE_VS_LEFT_ARM_SPIN, VULNERABLE_VS_OFF_SPIN"
a757b0d8,KA Pollard,1466,147.2,28.03,77.0,846,145.15,29.24,42.0,"SPECIALIST_VS_PACE, SPECIALIST_VS_SPIN, SPECIALIST_VS_LEFT_ARM_SPIN, VULNERABLE_VS_LEFT_ARM_WRIST_SPIN, SPECIALIST_VS_LEG_SPIN, SPECIALIST_VS_OFF_SPIN"
7daedf2f,KB Arun Karthik,39,110.26,21.5,2.0,12,66.67,2.67,3.0,"VULNERABLE_VS_LEFT_ARM_SPIN, VULNERABLE_VS_LEG_SPIN, VULNERABLE_VS_OFF_SPIN"
6b71e6cf,KC Sangakkara,789,121.8,28.26,34.0,563,120.78,22.67,30.0,VULNERABLE_VS_LEG_SPIN
c03f1114,KD Karthik,2168,139.99,25.29,120.0,1381,127.44,32.0,55.0,"SPECIALIST_VS_PACE, VULNERABLE_VS_LEFT_ARM_WRIST_SPIN, SPECIALIST_VS_OFF_SPIN"
5b8c830e,KH Pandya,834,141.85,24.65,48.0,511,116.05,19.13,31.0,"SPECIALIST_VS_PACE, VULNERABLE_VS_LEFT_ARM_SPIN, VULNERABLE_VS_LEFT_ARM_WRIST_SPIN, SPECIALIST_VS_LEG_SPIN, VULNERABLE_VS_OFF_SPIN"
557153ca,KK Cooper,33,184.85,10.17,6.0,34,158.82,18.0,3.0,"VULNERABLE_VS_PACE, VULNERABLE_VS_SPIN, SPECIALIST_VS_LEFT_ARM_SPIN, VULNERABLE_VS_OFF_SPIN"
944533a5,KK Nair,857,132.44,24.15,47.0,421,128.74,25.81,21.0,"SPECIALIST_VS_PACE, SPECIALIST_VS_LEG_SPIN, VULNERABLE_VS_OFF_SPIN"
b17e2f24,KL Rahul,2622,143.44,47.61,79.0,1270,124.57,51.03,31.0,"SPECIALIST_VS_PACE, SPECIALIST_VS_LEFT_ARM_WRIST_SPIN, SPECIALIST_VS_OFF_SPIN"
99d63244,KM Jadhav,604,126.99,21.31,36.0,368,116.03,28.47,15.0,VULNERABLE_VS_LEFT_ARM_SPIN
39f01cdb,KP Pietersen,398,135.18,44.83,12.0,322,130.75,32.38,13.0,"SPECIALIST_VS_PACE, SPECIALIST_VS_SPIN, SPECIALIST_VS_LEG_SPIN, SPECIALIST_VS_OFF_SPIN"
73c18486,KR Mayers,168,128.57,27.0,8.0,95,165.26,22.43,7.0,"SPECIALIST_VS_LEG_SPIN, VULNERABLE_VS_OFF_SPIN"
44a89551,KS Bharat,95,115.79,22.0,5.0,58,139.66,40.5,2.0,"SPECIALIST_VS_SPIN, SPECIALIST_VS_LEG_SPIN, VULNERABLE_VS_OFF_SPIN"
d027ba9f,KS Williamson,1056,132.86,31.18,45.0,652,112.42,56.38,13.0,"SPECIALIST_VS_PACE, VULNERABLE_VS_LEG_SPIN"
119678fd,KV Sharma,207,110.63,10.9,21.0,88,139.77,41.0,3.0,"VULNERABLE_VS_PACE, SPECIALIST_VS_SPIN, VULNERABLE_VS_LEFT_ARM_WRIST_SPIN, SPECIALIST_VS_OFF_SPIN"
ff077124,Kamran Akmal,63,168.25,35.33,3.0,14,128.57,18.0,1.0,"SPECIALIST_VS_PACE, VULNERABLE_VS_LEG_SPIN"
8d2c70ad,Kuldeep Yadav,178,88.2,17.44,9.0,63,80.95,17.0,3.0,"VULNERABLE_VS_PACE, VULNERABLE_VS_SPIN, VULNERABLE_VS_LEFT_ARM_SPIN, VULNERABLE_VS_LEG_SPIN, VULNERABLE_VS_OFF_SPIN"
b2b50355,L Balaji,33,69.7,4.6,5.0,16,81.25,6.5,2.0,"VULNERABLE_VS_PACE, VULNERABLE_VS_LEG_SPIN, VULNERABLE_VS_OFF_SPIN"
0fa5042b,L Ronchi,34,100.0,11.33,3.0,0,0.0,,0.0,VULNERABLE_VS_PACE
d872f52a,LA Carseldine,40,112.5,45.0,1.0,24,129.17,15.5,2.0,VULNERABLE_VS_LEFT_ARM_SPIN
b63ab531,LA Pomersbach,123,137.4,28.17,6.0,95,105.26,25.0,4.0,"SPECIALIST_VS_PACE, VULNERABLE_VS_SPIN, VULNERABLE_VS_LEFT_ARM_SPIN, VULNERABLE_VS_OFF_SPIN"
2f9d0389,LH Ferguson,40,145.0,19.33,3.0,9,144.44,,0.0,VULNERABLE_VS_OFF_SPIN
cca50cd6,LJ Wright,53,179.25,23.75,4.0,6,116.67,,0.0,
89f64c19,LMP Simmons,559,125.4,53.92,13.0,286,129.72,28.54,13.0,SPECIALIST_VS_LEFT_ARM_SPIN
b1451597,LR Shukla,183,121.31,13.88,16.0,153,109.15,15.18,11.0,"VULNERABLE_VS_PACE, VULNERABLE_VS_SPIN, VULNERABLE_VS_LEFT_ARM_SPIN, VULNERABLE_VS_LEG_SPIN, VULNERABLE_VS_OFF_SPIN"
b61a3e1a,LRPL Taylor,443,128.44,23.71,24.0,357,116.25,29.64,14.0,"SPECIALIST_VS_LEFT_ARM_SPIN, VULNERABLE_VS_LEG_SPIN"
50c6bc2b,LS Livingstone,367,185.83,25.26,27.0,288,120.14,26.62,13.0,"VULNERABLE_VS_LEFT_ARM_SPIN, VULNERABLE_VS_LEFT_ARM_WRIST_SPIN, SPECIALIST_VS_LEG_SPIN, SPECIALIST_VS_OFF_SPIN"
ad427b5c,Lalit Yadav,175,110.86,21.56,9.0,110,90.91,16.67,6.0,"VULNERABLE_VS_SPIN, VULNERABLE_VS_LEFT_ARM_SPIN, VULNERABLE_VS_LEG_SPIN, VULNERABLE_VS_OFF_SPIN"
e2db2409,M Ashwin,38,76.32,3.62,8.0,12,50.0,,0.0,"VULNERABLE_VS_PACE, VULNERABLE_VS_LEFT_ARM_SPIN, VULNERABLE_VS_LEG_SPIN, VULNERABLE_VS_OFF_SPIN"
81c36ee9,M Jansen,95,107.37,11.33,9.0,33,112.12,18.5,2.0,"VULNERABLE_VS_PACE, VULNERABLE_VS_OFF_SPIN"
d84378a4,M Kaif,145,95.86,19.86,7.0,96,113.54,12.11,9.0,"VULNERABLE_VS_PACE, VULNERABLE_VS_SPIN, VULNERABLE_VS_LEG_SPIN, VULNERABLE_VS_OFF_SPIN"
abfeb126,M Kartik,74,90.54,11.17,6.0,33,136.36,,0.0,"VULNERABLE_VS_PACE, VULNERABLE_VS_OFF_SPIN"
b970a03f,M Klinger,59,103.39,61.0,1.0,16,68.75,3.67,3.0,"VULNERABLE_VS_PACE, VULNERABLE_VS_LEFT_ARM_SPIN, VULNERABLE_VS_OFF_SPIN"
c42aaf71,M Manhas,220,114.55,21.0,12.0,239,106.28,23.09,11.0,"VULNERABLE_VS_SPIN, VULNERABLE_VS_LEFT_ARM_SPIN, VULNERABLE_VS_OFF_SPIN"
a9fd84fb,M Markande,36,122.22,11.0,4.0,10,90.0,,0.0,"VULNERABLE_VS_PACE, VULNERABLE_VS_LEG_SPIN, VULNERABLE_VS_OFF_SPIN"
5bb5a915,M Morkel,67,146.27,24.5,4.0,22,109.09,4.0,6.0,"SPECIALIST_VS_PACE, VULNERABLE_VS_LEFT_ARM_SPIN, VULNERABLE_VS_LEG_SPIN, VULNERABLE_VS_OFF_SPIN"
de8d3876,M Rawat,38,71.05,6.75,4.0,31,90.32,28.0,1.0,"VULNERABLE_VS_PACE, VULNERABLE_VS_SPIN, VULNERABLE_VS_LEFT_ARM_SPIN, VULNERABLE_VS_OFF_SPIN"
7dcb9bc9,M Shahrukh Khan,343,166.76,22.0,26.0,162,114.81,31.0,6.0,"VULNERABLE_VS_LEFT_ARM_WRIST_SPIN, VULNERABLE_VS_LEG_SPIN, SPECIALIST_VS_OFF_SPIN"
f24c6701,M Theekshana,34,47.06,8.0,2.0,4,50.0,2.0,1.0,"VULNERABLE_VS_PACE, VULNERABLE_VS_LEFT_ARM_SPIN, VULNERABLE_VS_LEG_SPIN"
4b57e452,M Vijay,1455,120.55,31.32,56.0,661,123.75,23.37,35.0,VULNERABLE_VS_LEFT_ARM_WRIST_SPIN
c03e2850,M Vohra,517,133.46,25.56,27.0,307,126.06,20.37,19.0,"SPECIALIST_VS_PACE, VULNERABLE_VS_LEG_SPIN, SPECIALIST_VS_OFF_SPIN"
00ea847a,MA Agarwal,1434,131.73,26.24,72.0,618,137.7,19.79,43.0,"SPECIALIST_VS_PACE, VULNERABLE_VS_LEFT_ARM_WRIST_SPIN, VULNERABLE_VS_LEG_SPIN, SPECIALIST_VS_OFF_SPIN"
3fb19989,MA Starc,92,98.91,13.0,7.0,27,74.07,6.67,3.0,"VULNERABLE_VS_PACE, VULNERABLE_VS_LEFT_ARM_SPIN, VULNERABLE_VS_LEG_SPIN, VULNERABLE_VS_OFF_SPIN"
32198ae0,MC Henriques,421,136.34,30.21,19.0,352,115.06,23.82,17.0,"SPECIALIST_VS_PACE, SPECIALIST_VS_LEFT_ARM_WRIST_SPIN, VULNERABLE_VS_LEG_SPIN"
605b7efa,MC Juneja,66,110.61,14.6,5.0,62,83.87,26.0,2.0,"VULNERABLE_VS_SPIN, VULNERABLE_VS_LEFT_ARM_SPIN, VULNERABLE_VS_LEG_SPIN, VULNERABLE_VS_OFF_SPIN"
6afb26d6,MD Mishra,151,109.93,13.83,12.0,55,125.45,23.0,3.0,"VULNERABLE_VS_PACE, SPECIALIST_VS_LEFT_ARM_SPIN, VULNERABLE_VS_LEG_SPIN, SPECIALIST_VS_OFF_SPIN"
48fd7349,MEK Hussey,1044,122.41,41.23,31.0,547,122.12,37.11,18.0,SPECIALIST_VS_LEG_SPIN
ab89348d,MF Maharoof,75,145.33,21.8,5.0,47,144.68,17.0,4.0,"SPECIALIST_VS_PACE, VULNERABLE_VS_SPIN, VULNERABLE_VS_LEFT_ARM_SPIN, VULNERABLE_VS_OFF_SPIN"
f5180fe6,MG Johnson,131,102.29,13.4,10.0,32,100.0,10.67,3.0,"VULNERABLE_VS_PACE, VULNERABLE_VS_SPIN, VULNERABLE_VS_LEFT_ARM_SPIN, VULNERABLE_VS_OFF_SPIN"
f842c2cf,MJ Clarke,46,113.04,13.0,4.0,48,95.83,46.0,1.0,"VULNERABLE_VS_PACE, VULNERABLE_VS_SPIN, VULNERABLE_VS_LEFT_ARM_SPIN, VULNERABLE_VS_OFF_SPIN"
2be41edb,MJ Guptill,142,138.73,24.62,8.0,53,126.42,16.75,4.0,"SPECIALIST_VS_PACE, SPECIALIST_VS_LEG_SPIN, VULNERABLE_VS_OFF_SPIN"
11df3dc8,MJ Lumb,141,156.74,27.62,8.0,50,114.0,28.5,2.0,"SPECIALIST_VS_PACE, VULNERABLE_VS_LEFT_ARM_SPIN"
51a3c5ef,MJ McClenaghan,53,86.79,5.75,8.0,17,223.53,9.5,4.0,"VULNERABLE_VS_PACE, VULNERABLE_VS_LEFT_ARM_WRIST_SPIN, VULNERABLE_VS_LEG_SPIN"
e4a0deae,MJ Santner,90,117.78,17.67,6.0,20,55.0,3.67,3.0,"VULNERABLE_VS_LEFT_ARM_SPIN, VULNERABLE_VS_LEFT_ARM_WRIST_SPIN, VULNERABLE_VS_LEG_SPIN, VULNERABLE_VS_OFF_SPIN"
da934ee8,MK Lomror,201,136.32,16.12,17.0,173,146.82,23.09,11.0,"VULNERABLE_VS_PACE, SPECIALIST_VS_SPIN, VULNERABLE_VS_LEFT_ARM_SPIN, VULNERABLE_VS_LEG_SPIN, SPECIALIST_VS_OFF_SPIN"
93b4fc78,MK Pandey,2014,127.26,30.51,84.0,1240,110.81,28.62,48.0,"VULNERABLE_VS_LEFT_ARM_SPIN, VULNERABLE_VS_LEFT_ARM_WRIST_SPIN"
26e5cabf,MK Tiwary,831,121.3,25.85,39.0,602,109.63,41.25,16.0,"VULNERABLE_VS_SPIN, VULNERABLE_VS_LEFT_ARM_SPIN, VULNERABLE_VS_LEFT_ARM_WRIST_SPIN"
d8699ab7,ML Hayden,531,139.92,53.07,14.0,249,132.13,27.42,12.0,"SPECIALIST_VS_PACE, SPECIALIST_VS_SPIN, SPECIALIST_VS_LEG_SPIN, SPECIALIST_VS_OFF_SPIN"
bb351c23,MM Ali,478,140.38,29.17,23.0,359,140.11,18.63,27.0,"SPECIALIST_VS_PACE, VULNERABLE_VS_LEFT_ARM_SPIN"
f0f628c7,MM Patel,30,116.67,17.5,2.0,9,22.22,0.67,3.0,"VULNERABLE_VS_LEFT_ARM_SPIN, VULNERABLE_VS_LEG_SPIN, VULNERABLE_VS_OFF_SPIN"
759ac88f,MM Sharma,91,98.9,6.43,14.0,43,81.4,17.5,2.0,"VULNERABLE_VS_PACE, VULNERABLE_VS_SPIN, VULNERABLE_VS_LEFT_ARM_SPIN, VULNERABLE_VS_LEFT_ARM_WRIST_SPIN, VULNERABLE_VS_LEG_SPIN, SPECIALIST_VS_OFF_SPIN"
f846de6a,MN Samuels,96,91.67,12.57,7.0,76,96.05,18.25,4.0,"VULNERABLE_VS_PACE, VULNERABLE_VS_SPIN, VULNERABLE_VS_LEG_SPIN, VULNERABLE_VS_OFF_SPIN"
710dd98c,MN van Wyk,66,130.3,43.0,2.0,59,125.42,,0.0,"SPECIALIST_VS_PACE, VULNERABLE_VS_LEG_SPIN"
d9273ee7,MP Stoinis,871,154.31,31.26,43.0,538,130.67,26.04,27.0,"SPECIALIST_VS_PACE, SPECIALIST_VS_SPIN, SPECIALIST_VS_LEFT_ARM_SPIN, VULNERABLE_VS_LEFT_ARM_WRIST_SPIN, SPECIALIST_VS_LEG_SPIN"
3d8feaf8,MR Marsh,613,153.67,30.39,31.0,314,121.02,29.23,13.0,"SPECIALIST_VS_PACE, SPECIALIST_VS_LEG_SPIN"
5afd4539,MS Bisla,435,113.1,24.6,20.0,261,112.26,18.31,16.0,"VULNERABLE_VS_LEG_SPIN, SPECIALIST_VS_OFF_SPIN"
4a8a2e3b,MS Dhoni,2374,154.8,39.52,93.0,1542,109.92,37.67,45.0,"SPECIALIST_VS_PACE, VULNERABLE_VS_SPIN, VULNERABLE_VS_LEFT_ARM_SPIN, SPECIALIST_VS_LEFT_ARM_WRIST_SPIN, VULNERABLE_VS_LEG_SPIN, VULNERABLE_VS_OFF_SPIN"
ae78bc32,MS Gony,39,110.26,7.17,6.0,28,160.71,15.0,3.0,"VULNERABLE_VS_PACE, VULNERABLE_VS_LEFT_ARM_SPIN, VULNERABLE_VS_LEG_SPIN"
afa7e784,MS Wade,106,122.64,14.44,9.0,70,74.29,13.0,4.0,"VULNERABLE_VS_PACE, VULNERABLE_VS_SPIN, VULNERABLE_VS_LEFT_ARM_SPIN, VULNERABLE_VS_LEG_SPIN, VULNERABLE_VS_OFF_SPIN"
f3cb53a1,MV Boucher,196,121.43,26.44,9.0,104,132.69,27.6,5.0,"SPECIALIST_VS_SPIN, SPECIALIST_VS_LEFT_ARM_SPIN, VULNERABLE_VS_LEG_SPIN, SPECIALIST_VS_OFF_SPIN"
a90e53ec,MW Short,72,143.06,51.5,2.0,21,71.43,3.75,4.0,"SPECIALIST_VS_PACE, VULNERABLE_VS_LEG_SPIN, VULNERABLE_VS_OFF_SPIN"
c3a96caf,Mandeep Singh,865,126.47,20.26,54.0,500,116.8,23.36,25.0,"VULNERABLE_VS_LEFT_ARM_SPIN, VULNERABLE_VS_LEFT_ARM_WRIST_SPIN"
7eae4418,Misbah-ul-Haq,57,121.05,17.25,4.0,23,208.7,24.0,2.0,"VULNERABLE_VS_LEFT_ARM_SPIN, VULNERABLE_VS_LEG_SPIN"
9ab63e7b,Mohammad Hafeez,52,84.62,11.0,4.0,29,65.52,6.33,3.0,"VULNERABLE_VS_PACE, VULNERABLE_VS_LEFT_ARM_SPIN, VULNERABLE_VS_OFF_SPIN"
62af8546,Mohammad Nabi,108,137.04,12.33,12.0,41,148.78,20.33,3.0,"VULNERABLE_VS_PACE, VULNERABLE_VS_LEFT_ARM_SPIN, VULNERABLE_VS_LEG_SPIN"
8cf9814c,Mohammed Shami,67,105.97,7.89,9.0,19,57.89,2.2,5.0,"VULNERABLE_VS_PACE, VULNERABLE_VS_LEFT_ARM_SPIN, VULNERABLE_VS_LEG_SPIN, VULNERABLE_VS_OFF_SPIN"
2f49c897,Mohammed Siraj,107,91.59,10.89,9.0,14,100.0,,0.0,"VULNERABLE_VS_PACE, VULNERABLE_VS_LEFT_ARM_SPIN, VULNERABLE_VS_LEFT_ARM_WRIST_SPIN"
bd54eef5,N Jagadeesan,103,99.03,12.75,8.0,52,132.69,69.0,1.0,"VULNERABLE_VS_PACE, SPECIALIST_VS_SPIN, VULNERABLE_VS_OFF_SPIN"
3241e3fd,N Pooran,867,171.51,29.74,50.0,496,164.11,50.88,16.0,"SPECIALIST_VS_PACE, SPECIALIST_VS_SPIN, SPECIALIST_VS_LEFT_ARM_SPIN, SPECIALIST_VS_LEG_SPIN, SPECIALIST_VS_OFF_SPIN"
fb2d1dda,N Rana,1258,134.82,27.35,62.0,842,138.48,27.76,42.0,"SPECIALIST_VS_PACE, SPECIALIST_VS_SPIN, SPECIALIST_VS_LEFT_ARM_SPIN, SPECIALIST_VS_OFF_SPIN"
addbde6c,N Saini,90,96.67,12.43,7.0,40,120.0,24.0,2.0,"VULNERABLE_VS_PACE, SPECIALIST_VS_LEFT_ARM_SPIN, VULNERABLE_VS_OFF_SPIN"
d1a60072,N Wadhera,284,138.03,18.67,21.0,226,148.67,56.0,6.0,"SPECIALIST_VS_SPIN, SPECIALIST_VS_LEG_SPIN"
a2870fb7,NK Patel,95,94.74,30.0,3.0,21,133.33,28.0,1.0,"VULNERABLE_VS_PACE, VULNERABLE_VS_LEFT_ARM_SPIN"
0f12f9df,NLTC Perera,200,142.0,14.95,19.0,105,129.52,45.33,3.0,"VULNERABLE_VS_PACE, VULNERABLE_VS_LEFT_ARM_SPIN, SPECIALIST_VS_LEG_SPIN"
56ab442f,NM Coulter-Nile,50,142.0,8.88,8.0,21,47.62,5.0,2.0,"VULNERABLE_VS_PACE, VULNERABLE_VS_LEFT_ARM_SPIN, VULNERABLE_VS_LEG_SPIN, VULNERABLE_VS_OFF_SPIN"
aedc3b7c,NS Naik,40,75.0,10.0,3.0,10,10.0,1.0,1.0,"VULNERABLE_VS_PACE, VULNERABLE_VS_LEG_SPIN, VULNERABLE_VS_OFF_SPIN"
890946a0,NV Ojha,796,110.05,21.9,40.0,479,129.44,20.0,31.0,"VULNERABLE_VS_LEFT_ARM_WRIST_SPIN, VULNERABLE_VS_LEG_SPIN"
fffa744b,Naman Dhir,186,181.72,30.73,11.0,35,165.71,19.33,3.0,"SPECIALIST_VS_PACE, VULNERABLE_VS_SPIN, SPECIALIST_VS_LEFT_ARM_SPIN, VULNERABLE_VS_LEFT_ARM_WRIST_SPIN, VULNERABLE_VS_OFF_SPIN"
aad0c365,Nithish Kumar Reddy,220,116.36,21.33,12.0,150,154.0,46.2,5.0,"SPECIALIST_VS_SPIN, SPECIALIST_VS_LEFT_ARM_SPIN, SPECIALIST_VS_LEG_SPIN, SPECIALIST_VS_OFF_SPIN"
7bf96684,OA Shah,204,141.18,32.0,9.0,183,118.03,72.0,3.0,"SPECIALIST_VS_PACE, VULNERABLE_VS_LEG_SPIN"
23cca426,OF Smith,44,163.64,24.0,3.0,5,40.0,,0.0,VULNERABLE_VS_OFF_SPIN
2728e7e9,P Dogra,92,105.43,19.4,5.0,46,65.22,10.0,3.0,"VULNERABLE_VS_PACE, VULNERABLE_VS_SPIN, VULNERABLE_VS_LEFT_ARM_SPIN, VULNERABLE_VS_LEG_SPIN, VULNERABLE_VS_OFF_SPIN"
e938e1bc,P Kumar,234,108.55,8.76,29.0,76,109.21,16.6,5.0,"VULNERABLE_VS_PACE, VULNERABLE_VS_SPIN, VULNERABLE_VS_LEG_SPIN, VULNERABLE_VS_OFF_SPIN"
f62772e5,P Negi,200,127.0,16.93,15.0,73,134.25,14.0,7.0,"VULNERABLE_VS_SPIN, VULNERABLE_VS_LEG_SPIN, VULNERABLE_VS_OFF_SPIN"
9418198b,P Simran Singh,626,153.04,25.89,37.0,248,150.81,31.17,12.0,"SPECIALIST_VS_PACE, SPECIALIST_VS_SPIN, SPECIALIST_VS_LEG_SPIN, SPECIALIST_VS_OFF_SPIN"
b5da6c24,PA Patel,1593,127.18,25.97,78.0,729,108.78,19.34,41.0,"VULNERABLE_VS_SPIN, SPECIALIST_VS_LEFT_ARM_SPIN, VULNERABLE_VS_LEFT_ARM_WRIST_SPIN, VULNERABLE_VS_LEG_SPIN, VULNERABLE_VS_OFF_SPIN"
2461eef2,PA Reddy,100,104.0,20.8,5.0,60,100.0,12.0,5.0,"VULNERABLE_VS_PACE, VULNERABLE_VS_SPIN, VULNERABLE_VS_LEFT_ARM_SPIN, VULNERABLE_VS_LEG_SPIN"
6c882e9a,PBB Rajapaksa,115,156.52,18.0,10.0,76,126.32,32.0,3.0,VULNERABLE_VS_PACE
25eeb281,PC Valthaty,312,110.9,23.07,15.0,101,150.5,21.71,7.0,"VULNERABLE_VS_LEG_SPIN, SPECIALIST_VS_OFF_SPIN"
a386e91b,PD Collingwood,54,144.44,39.0,2.0,95,110.53,52.5,2.0,"SPECIALIST_VS_PACE, VULNERABLE_VS_LEFT_ARM_SPIN, VULNERABLE_VS_LEG_SPIN"
3d284ca3,PD Salt,450,177.56,34.74,23.0,154,173.38,26.7,10.0,"SPECIALIST_VS_PACE, SPECIALIST_VS_SPIN, SPECIALIST_VS_LEFT_ARM_SPIN, VULNERABLE_VS_LEFT_ARM_WRIST_SPIN, SPECIALIST_VS_OFF_SPIN"
08548b13,PHKD Mendis,46,141.3,16.25,4.0,23,113.04,26.0,1.0,"VULNERABLE_VS_PACE, VULNERABLE_VS_LEFT_ARM_SPIN, VULNERABLE_VS_OFF_SPIN"
ded9240e,PJ Cummins,302,172.52,23.68,22.0,100,91.0,13.0,7.0,"VULNERABLE_VS_SPIN, SPECIALIST_VS_LEFT_ARM_SPIN, VULNERABLE_VS_LEFT_ARM_WRIST_SPIN, VULNERABLE_VS_LEG_SPIN, VULNERABLE_VS_OFF_SPIN"
9fc0ef64,PJ Sangwan,33,72.73,3.43,7.0,12,16.67,2.0,1.0,"VULNERABLE_VS_PACE, VULNERABLE_VS_LEFT_ARM_SPIN, VULNERABLE_VS_LEG_SPIN"
bb965e9a,PK Garg,149,112.08,11.13,15.0,93,105.38,24.5,4.0,"VULNERABLE_VS_PACE, VULNERABLE_VS_SPIN, VULNERABLE_VS_OFF_SPIN"
663b5e34,PN Mankad,48,120.83,19.33,3.0,24,162.5,,0.0,
98ae73b1,PP Chawla,373,124.66,12.24,38.0,171,85.96,9.8,15.0,"VULNERABLE_VS_PACE, VULNERABLE_VS_SPIN, VULNERABLE_VS_LEFT_ARM_SPIN, VULNERABLE_VS_LEG_SPIN, VULNERABLE_VS_OFF_SPIN"
6c6591ab,PP Ojha,31,41.94,3.25,4.0,13,23.08,0.6,5.0,"VULNERABLE_VS_PACE, VULNERABLE_VS_LEG_SPIN, VULNERABLE_VS_OFF_SPIN"
8b3e9c7c,PP Shaw,905,146.85,24.61,54.0,400,149.0,22.92,26.0,"SPECIALIST_VS_PACE, SPECIALIST_VS_SPIN, VULNERABLE_VS_LEG_SPIN, SPECIALIST_VS_OFF_SPIN"
0aadc906,PR Shah,54,77.78,8.4,5.0,30,136.67,13.67,3.0,"VULNERABLE_VS_PACE, VULNERABLE_VS_SPIN, VULNERABLE_VS_OFF_SPIN"
6aed7e79,PV Tambe,30,53.33,16.0,1.0,8,25.0,,0.0,"VULNERABLE_VS_PACE, VULNERABLE_VS_OFF_SPIN"
327b58d3,PVD Chameera,33,139.39,23.0,2.0,9,77.78,7.0,1.0,"SPECIALIST_VS_PACE, VULNERABLE_VS_LEFT_ARM_SPIN, VULNERABLE_VS_LEG_SPIN, VULNERABLE_VS_OFF_SPIN"
a97c8ec2,PWH de Silva,55,85.45,6.71,7.0,33,103.03,4.86,7.0,"VULNERABLE_VS_PACE, VULNERABLE_VS_SPIN, VULNERABLE_VS_LEFT_ARM_SPIN, VULNERABLE_VS_LEFT_ARM_WRIST_SPIN, VULNERABLE_VS_OFF_SPIN"
b5797845,Priyansh Arya,251,181.27,30.33,15.0,59,179.66,26.5,4.0,"SPECIALIST_VS_PACE, VULNERABLE_VS_LEG_SPIN"
372455c4,Q de Kock,1683,141.24,31.69,75.0,806,119.35,31.03,31.0,"SPECIALIST_VS_PACE, SPECIALIST_VS_LEFT_ARM_SPIN, VULNERABLE_VS_LEFT_ARM_WRIST_SPIN, VULNERABLE_VS_OFF_SPIN"
495d42a5,R Ashwin,450,128.22,12.82,45.0,256,101.56,15.29,17.0,"VULNERABLE_VS_PACE, VULNERABLE_VS_SPIN, VULNERABLE_VS_LEFT_ARM_SPIN, VULNERABLE_VS_LEG_SPIN, VULNERABLE_VS_OFF_SPIN"
33a364a6,R Bhatia,192,133.33,12.19,21.0,91,93.41,10.62,8.0,"VULNERABLE_VS_PACE, VULNERABLE_VS_SPIN, VULNERABLE_VS_LEFT_ARM_SPIN, VULNERABLE_VS_LEG_SPIN, VULNERABLE_VS_OFF_SPIN"
26a85969,R Dhawan,103,130.1,22.33,6.0,82,86.59,17.75,4.0,"SPECIALIST_VS_PACE, VULNERABLE_VS_SPIN, VULNERABLE_VS_LEFT_ARM_SPIN, VULNERABLE_VS_LEFT_ARM_WRIST_SPIN, VULNERABLE_VS_LEG_SPIN, SPECIALIST_VS_OFF_SPIN"
0184dc35,R Dravid,1151,112.68,28.2,46.0,685,118.83,29.07,28.0,VULNERABLE_VS_LEG_SPIN
c654af19,R McLaren,96,100.0,24.0,4.0,62,85.48,17.67,3.0,"VULNERABLE_VS_PACE, VULNERABLE_VS_SPIN, VULNERABLE_VS_LEFT_ARM_SPIN, VULNERABLE_VS_LEG_SPIN, VULNERABLE_VS_OFF_SPIN"
04a418e8,R Parag,666,152.25,23.05,44.0,451,127.05,40.93,14.0,"SPECIALIST_VS_PACE, SPECIALIST_VS_LEFT_ARM_WRIST_SPIN, SPECIALIST_VS_OFF_SPIN"
650d5e49,R Powell,142,163.38,19.33,12.0,102,115.69,14.75,8.0,"VULNERABLE_VS_PACE, VULNERABLE_VS_LEFT_ARM_WRIST_SPIN, VULNERABLE_VS_LEG_SPIN"
d68e7f48,R Rampaul,37,89.19,11.0,3.0,12,141.67,8.5,2.0,"VULNERABLE_VS_PACE, VULNERABLE_VS_OFF_SPIN"
ba5e1069,R Ravindra,200,152.0,27.64,11.0,94,131.91,20.67,6.0,"SPECIALIST_VS_PACE, SPECIALIST_VS_SPIN, SPECIALIST_VS_LEG_SPIN, VULNERABLE_VS_OFF_SPIN"
626c5379,R Sathish,136,122.06,13.83,12.0,91,110.99,33.67,3.0,"VULNERABLE_VS_PACE, VULNERABLE_VS_LEFT_ARM_SPIN, VULNERABLE_VS_OFF_SPIN"
5d9a1a73,R Sharma,64,85.94,6.11,9.0,11,100.0,5.5,2.0,"VULNERABLE_VS_PACE, VULNERABLE_VS_LEG_SPIN, VULNERABLE_VS_OFF_SPIN"
c5aef772,R Shepherd,63,246.03,31.0,5.0,22,109.09,12.0,2.0,"VULNERABLE_VS_LEFT_ARM_SPIN, VULNERABLE_VS_LEG_SPIN, VULNERABLE_VS_OFF_SPIN"
39a2dfa8,R Tewatia,607,148.11,24.3,37.0,219,104.57,22.9,10.0,"SPECIALIST_VS_PACE, VULNERABLE_VS_SPIN, VULNERABLE_VS_LEFT_ARM_SPIN, VULNERABLE_VS_LEFT_ARM_WRIST_SPIN, VULNERABLE_VS_OFF_SPIN"
41eb4a4f,R Vinay Kumar,194,118.56,12.78,18.0,77,97.4,12.5,6.0,"VULNERABLE_VS_PACE, VULNERABLE_VS_SPIN, VULNERABLE_VS_LEFT_ARM_SPIN, VULNERABLE_VS_OFF_SPIN"
fe93fd9d,RA Jadeja,1567,143.14,30.73,73.0,952,109.56,25.44,41.0,"SPECIALIST_VS_PACE, VULNERABLE_VS_SPIN, VULNERABLE_VS_LEG_SPIN, VULNERABLE_VS_OFF_SPIN"
77255a9e,RA Tripathi,1055,140.38,26.93,55.0,632,129.75,25.62,32.0,"SPECIALIST_VS_PACE, SPECIALIST_VS_LEFT_ARM_WRIST_SPIN, SPECIALIST_VS_OFF_SPIN"
2ed569a0,RD Chahar,106,109.43,8.92,13.0,20,70.0,7.0,2.0,"VULNERABLE_VS_PACE, VULNERABLE_VS_LEFT_ARM_SPIN, VULNERABLE_VS_LEG_SPIN, VULNERABLE_VS_OFF_SPIN"
45a43fe2,RD Gaikwad,1198,135.48,40.58,40.0,641,140.87,43.0,21.0,"SPECIALIST_VS_PACE, SPECIALIST_VS_SPIN, SPECIALIST_VS_LEFT_ARM_SPIN, SPECIALIST_VS_LEFT_ARM_WRIST_SPIN, SPECIALIST_VS_LEG_SPIN"
e66732f8,RD Rickelton,193,155.96,27.36,11.0,71,132.39,23.5,4.0,"SPECIALIST_VS_PACE, SPECIALIST_VS_SPIN, VULNERABLE_VS_LEFT_ARM_WRIST_SPIN"
18c78b11,RE Levi,40,87.5,11.67,3.0,33,145.45,16.0,3.0,"VULNERABLE_VS_PACE, VULNERABLE_VS_SPIN, VULNERABLE_VS_LEG_SPIN, VULNERABLE_VS_OFF_SPIN"
05c2ca46,RE van der Merwe,77,96.1,12.33,6.0,60,135.0,20.25,4.0,"VULNERABLE_VS_PACE, SPECIALIST_VS_SPIN, VULNERABLE_VS_OFF_SPIN"
740742ef,RG Sharma,3173,141.07,29.84,150.0,2143,118.25,29.81,85.0,"SPECIALIST_VS_PACE, VULNERABLE_VS_LEFT_ARM_SPIN"
12eddf28,RJ Harris,77,119.48,11.5,8.0,29,79.31,5.75,4.0,"VULNERABLE_VS_PACE, VULNERABLE_VS_LEG_SPIN, VULNERABLE_VS_OFF_SPIN"
23ac69e6,RJ Quiney,75,98.67,14.8,5.0,25,108.0,13.5,2.0,"VULNERABLE_VS_PACE, VULNERABLE_VS_LEFT_ARM_SPIN"
0a509d6b,RK Singh,465,165.81,32.12,24.0,290,113.45,29.91,11.0,"SPECIALIST_VS_PACE, VULNERABLE_VS_LEFT_ARM_SPIN, VULNERABLE_VS_OFF_SPIN"
c740ea83,RM Patidar,396,141.41,23.33,24.0,318,169.18,48.91,11.0,"SPECIALIST_VS_PACE, SPECIALIST_VS_SPIN, SPECIALIST_VS_LEFT_ARM_SPIN, SPECIALIST_VS_LEG_SPIN, SPECIALIST_VS_OFF_SPIN"
4ec07775,RN ten Doeschate,200,142.0,35.5,8.0,33,121.21,6.67,6.0,"SPECIALIST_VS_PACE, VULNERABLE_VS_SPIN, VULNERABLE_VS_LEG_SPIN, VULNERABLE_VS_OFF_SPIN"
c3d1402f,RP Singh,53,77.36,4.56,9.0,23,47.83,2.2,5.0,"VULNERABLE_VS_PACE, VULNERABLE_VS_LEFT_ARM_SPIN, VULNERABLE_VS_LEG_SPIN, VULNERABLE_VS_OFF_SPIN"
919a3be2,RR Pant,1391,156.36,31.99,68.0,1042,136.08,37.32,38.0,"SPECIALIST_VS_PACE, SPECIALIST_VS_SPIN, SPECIALIST_VS_LEFT_ARM_SPIN, VULNERABLE_VS_LEFT_ARM_WRIST_SPIN, SPECIALIST_VS_LEG_SPIN"
5d096f3d,RR Powar,53,113.21,60.0,1.0,11,63.64,7.0,1.0,"VULNERABLE_VS_LEFT_ARM_SPIN, VULNERABLE_VS_OFF_SPIN"
cad00a4d,RR Rossouw,200,179.5,25.64,14.0,114,120.18,22.83,6.0,"SPECIALIST_VS_LEFT_ARM_SPIN, VULNERABLE_VS_LEFT_ARM_WRIST_SPIN, SPECIALIST_VS_LEG_SPIN, VULNERABLE_VS_OFF_SPIN"
36d33dd0,RR Sarwan,52,100.0,17.33,3.0,17,76.47,,0.0,"VULNERABLE_VS_PACE, VULNERABLE_VS_LEG_SPIN, VULNERABLE_VS_OFF_SPIN"
7ca5e05d,RS Bopara,308,118.51,26.07,14.0,141,115.6,54.33,3.0,"SPECIALIST_VS_LEFT_ARM_SPIN, VULNERABLE_VS_OFF_SPIN"
7d415ea5,RT Ponting,89,76.4,13.6,5.0,31,48.39,5.0,3.0,"VULNERABLE_VS_PACE, VULNERABLE_VS_SPIN, VULNERABLE_VS_LEFT_ARM_SPIN, VULNERABLE_VS_LEG_SPIN, VULNERABLE_VS_OFF_SPIN"
b2570b38,RV Gomez,32,112.5,9.0,4.0,19,73.68,14.0,1.0,"VULNERABLE_VS_PACE, VULNERABLE_VS_LEG_SPIN, VULNERABLE_VS_OFF_SPIN"
60500956,RV Patel,51,107.84,27.5,2.0,25,124.0,15.5,2.0,"VULNERABLE_VS_PACE, VULNERABLE_VS_LEFT_ARM_SPIN, VULNERABLE_VS_LEFT_ARM_WRIST_SPIN, VULNERABLE_VS_OFF_SPIN"
1c17e270,RV Uthappa,2472,130.83,32.34,100.0,1284,128.82,22.66,73.0,"SPECIALIST_VS_PACE, SPECIALIST_VS_OFF_SPIN"
0bacade8,Rahmanullah Gurbaz,221,120.81,19.07,14.0,59,172.88,25.5,4.0,"VULNERABLE_VS_LEFT_ARM_WRIST_SPIN, SPECIALIST_VS_LEG_SPIN"
be24ead0,Ramandeep Singh,82,195.12,26.67,6.0,58,117.24,13.6,5.0,"VULNERABLE_VS_SPIN, VULNERABLE_VS_LEFT_ARM_SPIN, VULNERABLE_VS_LEFT_ARM_WRIST_SPIN, VULNERABLE_VS_LEG_SPIN"
5f547c8b,Rashid Khan,315,160.95,12.68,40.0,62,148.39,46.0,2.0,"VULNERABLE_VS_PACE, SPECIALIST_VS_SPIN"
b8527c3d,Rasikh Salam,32,112.5,7.2,5.0,8,50.0,,0.0,"VULNERABLE_VS_PACE, VULNERABLE_VS_OFF_SPIN"
df064e1a,Ravi Bishnoi,61,67.21,5.12,8.0,5,80.0,4.0,1.0,"VULNERABLE_VS_PACE, VULNERABLE_VS_LEFT_ARM_SPIN, VULNERABLE_VS_LEG_SPIN, VULNERABLE_VS_OFF_SPIN"
95a2ea61,S Anirudha,70,141.43,14.14,7.0,42,88.1,37.0,1.0,"VULNERABLE_VS_PACE, VULNERABLE_VS_SPIN, VULNERABLE_VS_LEFT_ARM_SPIN, VULNERABLE_VS_OFF_SPIN"
957532de,S Aravind,47,119.15,28.0,2.0,10,30.0,3.0,1.0,"VULNERABLE_VS_LEFT_ARM_SPIN, VULNERABLE_VS_LEG_SPIN, VULNERABLE_VS_OFF_SPIN"
3576e47e,S Badrinath,720,121.39,30.14,29.0,473,114.8,31.94,17.0,VULNERABLE_VS_LEG_SPIN
881a9bdd,S Chanderpaul,31,80.65,8.33,3.0,0,0.0,,0.0,VULNERABLE_VS_PACE
0a476045,S Dhawan,3450,129.42,38.16,117.0,1815,122.42,31.74,70.0,"SPECIALIST_VS_LEFT_ARM_SPIN, VULNERABLE_VS_LEFT_ARM_WRIST_SPIN, SPECIALIST_VS_LEG_SPIN"
a4e37e47,S Dube,826,145.16,28.55,42.0,476,140.76,39.41,17.0,"SPECIALIST_VS_PACE, SPECIALIST_VS_SPIN, SPECIALIST_VS_LEFT_ARM_SPIN, VULNERABLE_VS_LEFT_ARM_WRIST_SPIN, SPECIALIST_VS_LEG_SPIN, SPECIALIST_VS_OFF_SPIN"
7a8bd078,S Gopal,94,124.47,13.0,9.0,75,84.0,21.0,3.0,"VULNERABLE_VS_PACE, VULNERABLE_VS_SPIN, VULNERABLE_VS_LEFT_ARM_WRIST_SPIN, VULNERABLE_VS_LEG_SPIN, VULNERABLE_VS_OFF_SPIN"
dcf81436,S Kaul,31,58.06,6.0,3.0,5,40.0,,0.0,"VULNERABLE_VS_PACE, VULNERABLE_VS_LEG_SPIN"
9d80c5e1,S Nadeem,41,41.46,1.89,9.0,46,47.83,4.4,5.0,"VULNERABLE_VS_PACE, VULNERABLE_VS_SPIN, VULNERABLE_VS_LEFT_ARM_SPIN, VULNERABLE_VS_LEFT_ARM_WRIST_SPIN, VULNERABLE_VS_OFF_SPIN"
90edaaa9,S Rana,67,117.91,39.5,2.0,12,66.67,4.0,2.0,"VULNERABLE_VS_LEFT_ARM_SPIN, VULNERABLE_VS_OFF_SPIN"
3fca55af,S Sohal,219,124.2,22.67,12.0,65,133.85,17.4,5.0,"VULNERABLE_VS_LEFT_ARM_SPIN, SPECIALIST_VS_OFF_SPIN"
6b8eb6e5,S Sreesanth,42,71.43,15.0,2.0,13,30.77,4.0,1.0,"VULNERABLE_VS_PACE, VULNERABLE_VS_LEFT_ARM_SPIN, VULNERABLE_VS_LEG_SPIN, VULNERABLE_VS_OFF_SPIN"
756389bd,S Vidyut,97,127.84,17.71,7.0,7,185.71,13.0,1.0,
ae091d39,SA Asnodkar,263,129.66,24.36,14.0,72,112.5,27.0,3.0,"VULNERABLE_VS_LEFT_ARM_SPIN, VULNERABLE_VS_LEG_SPIN"
271f83cd,SA Yadav,1658,161.64,32.68,82.0,1248,132.77,44.78,37.0,"SPECIALIST_VS_PACE, SPECIALIST_VS_SPIN, SPECIALIST_VS_LEFT_ARM_WRIST_SPIN, SPECIALIST_VS_LEG_SPIN, SPECIALIST_VS_OFF_SPIN"
0604ef16,SB Bangar,33,48.48,5.33,3.0,25,132.0,11.0,3.0,"VULNERABLE_VS_PACE, VULNERABLE_VS_LEFT_ARM_SPIN, VULNERABLE_VS_OFF_SPIN"
6b2ff18f,SB Dubey,64,184.38,23.6,5.0,20,100.0,20.0,1.0,"VULNERABLE_VS_LEFT_ARM_WRIST_SPIN, VULNERABLE_VS_OFF_SPIN"
57efa3be,SB Styris,79,105.06,27.67,3.0,53,90.57,12.0,4.0,"VULNERABLE_VS_PACE, VULNERABLE_VS_SPIN, VULNERABLE_VS_LEG_SPIN, VULNERABLE_VS_OFF_SPIN"
725529bc,SC Ganguly,695,101.29,20.11,35.0,522,111.3,41.5,14.0,"VULNERABLE_VS_PACE, VULNERABLE_VS_OFF_SPIN"
facb9086,SD Chitnis,72,101.39,12.17,6.0,14,128.57,18.0,1.0,VULNERABLE_VS_PACE
1fc6ef83,SD Hope,73,134.25,24.5,4.0,45,157.78,35.5,2.0,"SPECIALIST_VS_PACE, SPECIALIST_VS_SPIN, VULNERABLE_VS_LEFT_ARM_SPIN"
508a1ea7,SE Marsh,1235,122.67,34.43,44.0,550,150.18,59.0,14.0,"SPECIALIST_VS_SPIN, SPECIALIST_VS_LEFT_ARM_SPIN, VULNERABLE_VS_LEFT_ARM_WRIST_SPIN, SPECIALIST_VS_LEG_SPIN, SPECIALIST_VS_OFF_SPIN"
d014d5ac,SE Rutherford,201,142.79,20.5,14.0,95,127.37,60.5,2.0,VULNERABLE_VS_LEG_SPIN
1dc12ab9,SK Raina,2325,138.06,33.79,95.0,1660,133.43,34.61,64.0,"SPECIALIST_VS_PACE, SPECIALIST_VS_SPIN, SPECIALIST_VS_LEFT_ARM_SPIN, SPECIALIST_VS_LEG_SPIN"
cbf58a86,SK Rasheed,55,120.0,22.0,3.0,9,66.67,3.0,2.0,VULNERABLE_VS_LEFT_ARM_SPIN
3d7e087f,SK Trivedi,47,70.21,5.5,6.0,11,81.82,9.0,1.0,"VULNERABLE_VS_PACE, VULNERABLE_VS_LEFT_ARM_SPIN, VULNERABLE_VS_LEG_SPIN, VULNERABLE_VS_OFF_SPIN"
bb18be76,SK Warne,105,78.1,10.25,8.0,94,105.32,11.0,9.0,"VULNERABLE_VS_PACE, VULNERABLE_VS_SPIN, VULNERABLE_VS_LEFT_ARM_SPIN, VULNERABLE_VS_LEG_SPIN, VULNERABLE_VS_OFF_SPIN"
a12e1d51,SL Malinga,82,87.8,8.0,9.0,17,94.12,8.0,2.0,"VULNERABLE_VS_PACE, VULNERABLE_VS_LEFT_ARM_SPIN, VULNERABLE_VS_LEG_SPIN"
e94915e6,SM Curran,414,137.44,22.76,25.0,312,133.65,29.79,14.0,"SPECIALIST_VS_PACE, SPECIALIST_VS_SPIN, SPECIALIST_VS_LEFT_ARM_SPIN, VULNERABLE_VS_LEFT_ARM_WRIST_SPIN, SPECIALIST_VS_OFF_SPIN"
fdedb37c,SM Katich,122,153.28,62.33,3.0,54,70.37,6.33,6.0,"SPECIALIST_VS_PACE, VULNERABLE_VS_SPIN, VULNERABLE_VS_LEG_SPIN, VULNERABLE_VS_OFF_SPIN"
88fccd6c,SM Pollock,63,163.49,17.17,6.0,41,87.8,18.0,2.0,"VULNERABLE_VS_PACE, VULNERABLE_VS_SPIN, VULNERABLE_VS_LEFT_ARM_SPIN, VULNERABLE_VS_LEG_SPIN, VULNERABLE_VS_OFF_SPIN"
f088b960,SN Khan,281,138.08,24.25,16.0,149,110.74,16.5,10.0,"SPECIALIST_VS_PACE, VULNERABLE_VS_LEFT_ARM_WRIST_SPIN, VULNERABLE_VS_OFF_SPIN"
1abb78f8,SN Thakur,167,157.49,12.52,21.0,70,95.71,13.4,5.0,"VULNERABLE_VS_PACE, VULNERABLE_VS_SPIN, VULNERABLE_VS_LEFT_ARM_SPIN, VULNERABLE_VS_LEFT_ARM_WRIST_SPIN, VULNERABLE_VS_LEG_SPIN"
48a1d7b7,SO Hetmyer,698,165.9,29.69,39.0,305,121.31,28.46,13.0,"SPECIALIST_VS_PACE, SPECIALIST_VS_LEFT_ARM_SPIN, VULNERABLE_VS_LEFT_ARM_WRIST_SPIN"
eea6b7f1,SP Fleming,140,111.43,22.29,7.0,13,123.08,8.0,2.0,"VULNERABLE_VS_LEG_SPIN, VULNERABLE_VS_OFF_SPIN"
541f85c9,SP Goswami,187,97.33,14.0,13.0,105,100.95,15.14,7.0,"VULNERABLE_VS_PACE, VULNERABLE_VS_SPIN, VULNERABLE_VS_LEFT_ARM_SPIN, VULNERABLE_VS_LEFT_ARM_WRIST_SPIN, VULNERABLE_VS_LEG_SPIN, VULNERABLE_VS_OFF_SPIN"
acc1aeda,SP Jackson,44,109.09,12.0,4.0,17,94.12,8.0,2.0,"VULNERABLE_VS_PACE, VULNERABLE_VS_LEFT_ARM_SPIN, VULNERABLE_VS_LEG_SPIN, VULNERABLE_VS_OFF_SPIN"
9d430b40,SP Narine,823,152.37,18.44,68.0,260,205.0,18.38,29.0,"VULNERABLE_VS_SPIN, VULNERABLE_VS_LEFT_ARM_SPIN, VULNERABLE_VS_LEFT_ARM_WRIST_SPIN, VULNERABLE_VS_LEG_SPIN, SPECIALIST_VS_OFF_SPIN"
30a45b23,SPD Smith,1184,132.77,29.11,54.0,747,118.61,49.22,18.0,"SPECIALIST_VS_PACE, VULNERABLE_VS_LEG_SPIN"
d2c2b2d5,SR Tendulkar,1094,118.65,38.18,34.0,804,123.26,33.03,30.0,
4329fbb5,SR Watson,1787,136.93,34.46,71.0,976,138.01,26.41,51.0,"SPECIALIST_VS_PACE, SPECIALIST_VS_SPIN, SPECIALIST_VS_LEFT_ARM_SPIN, SPECIALIST_VS_LEG_SPIN, SPECIALIST_VS_OFF_SPIN"
85ec8e33,SS Iyer,1801,135.09,32.01,76.0,1017,132.15,39.53,34.0,"SPECIALIST_VS_PACE, SPECIALIST_VS_SPIN, SPECIALIST_VS_LEFT_ARM_SPIN, SPECIALIST_VS_LEFT_ARM_WRIST_SPIN, SPECIALIST_VS_OFF_SPIN"
9385de2e,SS Prabhudessai,46,123.91,19.0,3.0,59,116.95,11.5,6.0,"VULNERABLE_VS_SPIN, VULNERABLE_VS_LEG_SPIN, VULNERABLE_VS_OFF_SPIN"
709b0bac,SS Tiwary,701,117.69,31.73,26.0,518,124.32,28.0,23.0,"VULNERABLE_VS_LEFT_ARM_WRIST_SPIN, SPECIALIST_VS_LEG_SPIN"
f233bbb4,ST Jayasuriya,397,134.26,26.65,20.0,103,132.04,19.43,7.0,"SPECIALIST_VS_PACE, VULNERABLE_VS_LEFT_ARM_SPIN, VULNERABLE_VS_LEG_SPIN"
bd17b45f,STR Binny,454,130.62,19.77,30.0,228,125.44,22.0,13.0,"SPECIALIST_VS_LEFT_ARM_SPIN, VULNERABLE_VS_LEFT_ARM_WRIST_SPIN"
a4cc73aa,SV Samson,2059,141.72,30.08,97.0,1313,134.88,35.42,50.0,"SPECIALIST_VS_PACE, SPECIALIST_VS_SPIN, SPECIALIST_VS_LEFT_ARM_SPIN, SPECIALIST_VS_LEG_SPIN"
c16d4035,SW Billings,199,134.17,15.71,17.0,193,126.94,24.5,10.0,"VULNERABLE_VS_PACE, SPECIALIST_VS_OFF_SPIN"
dc9dd038,Sachin Baby,86,138.37,19.83,6.0,29,79.31,7.67,3.0,"VULNERABLE_VS_LEG_SPIN, VULNERABLE_VS_OFF_SPIN"
4d6d6280,Salman Butt,135,113.33,21.86,7.0,25,156.0,,0.0,VULNERABLE_VS_LEG_SPIN
f89d3b11,Sameer Rizvi,76,163.16,31.0,4.0,46,104.35,16.0,3.0,"SPECIALIST_VS_PACE, VULNERABLE_VS_SPIN, VULNERABLE_VS_LEFT_ARM_SPIN"
ce820073,Sandeep Sharma,65,75.38,12.25,4.0,11,109.09,12.0,1.0,"VULNERABLE_VS_PACE, VULNERABLE_VS_LEG_SPIN, VULNERABLE_VS_OFF_SPIN"
f9e6e7ef,Shahbaz Ahmed,275,135.64,20.72,18.0,176,100.0,17.6,10.0,"SPECIALIST_VS_PACE, VULNERABLE_VS_SPIN, VULNERABLE_VS_LEG_SPIN, VULNERABLE_VS_OFF_SPIN"
0dc00542,Shahid Afridi,34,200.0,17.0,4.0,12,108.33,3.25,4.0,"VULNERABLE_VS_PACE, VULNERABLE_VS_LEG_SPIN, VULNERABLE_VS_OFF_SPIN"
7dc35884,Shakib Al Hasan,384,130.99,22.86,22.0,253,113.83,19.2,15.0,"SPECIALIST_VS_PACE, VULNERABLE_VS_LEFT_ARM_SPIN, VULNERABLE_VS_LEFT_ARM_WRIST_SPIN, VULNERABLE_VS_LEG_SPIN"
26989d80,Shashank Singh,313,175.4,42.23,13.0,180,133.89,48.2,5.0,"SPECIALIST_VS_PACE, SPECIALIST_VS_SPIN, VULNERABLE_VS_LEFT_ARM_SPIN, SPECIALIST_VS_LEG_SPIN"
c38d3503,Shivam Mavi,42,104.76,8.8,5.0,14,50.0,1.75,4.0,"VULNERABLE_VS_PACE, VULNERABLE_VS_LEG_SPIN"
64c34cd0,Shoaib Malik,31,125.81,13.0,3.0,11,81.82,9.0,1.0,"VULNERABLE_VS_PACE, VULNERABLE_VS_LEFT_ARM_SPIN, VULNERABLE_VS_LEG_SPIN"
b4b99816,Shubman Gill,1798,134.76,35.12,69.0,980,143.67,54.15,26.0,"SPECIALIST_VS_PACE, SPECIALIST_VS_SPIN, SPECIALIST_VS_LEFT_ARM_SPIN, SPECIALIST_VS_LEG_SPIN, SPECIALIST_VS_OFF_SPIN"
26d041c4,Sikandar Raza,75,122.67,23.0,4.0,61,147.54,30.0,3.0,"SPECIALIST_VS_SPIN, SPECIALIST_VS_LEG_SPIN, VULNERABLE_VS_OFF_SPIN"
f836b33d,T Kohler-Cadmore,58,98.28,28.5,2.0,3,33.33,1.0,1.0,"VULNERABLE_VS_PACE, VULNERABLE_VS_LEFT_ARM_SPIN, VULNERABLE_VS_LEG_SPIN"
85b3fab2,T Stubbs,249,159.84,39.8,10.0,170,158.82,54.0,5.0,"SPECIALIST_VS_PACE, SPECIALIST_VS_SPIN, SPECIALIST_VS_LEFT_ARM_SPIN, SPECIALIST_VS_LEG_SPIN, SPECIALIST_VS_OFF_SPIN"
a818c1be,TA Boult,58,98.28,11.4,5.0,27,118.52,10.67,3.0,"VULNERABLE_VS_PACE, VULNERABLE_VS_LEFT_ARM_SPIN, VULNERABLE_VS_LEG_SPIN, VULNERABLE_VS_OFF_SPIN"
13c35c9e,TG Southee,95,122.11,12.89,9.0,11,36.36,2.0,2.0,"VULNERABLE_VS_PACE, VULNERABLE_VS_LEFT_ARM_SPIN, VULNERABLE_VS_LEG_SPIN"
f1f99156,TH David,368,185.33,34.1,20.0,113,123.89,28.0,5.0,"SPECIALIST_VS_PACE, VULNERABLE_VS_LEFT_ARM_WRIST_SPIN, VULNERABLE_VS_LEG_SPIN"
e86754b2,TK Curran,60,98.33,19.67,3.0,47,144.68,34.0,2.0,"VULNERABLE_VS_PACE, SPECIALIST_VS_SPIN, VULNERABLE_VS_LEFT_ARM_SPIN"
aaa1b522,TL Suman,364,119.51,21.75,20.0,208,115.38,24.0,10.0,"VULNERABLE_VS_LEFT_ARM_SPIN, VULNERABLE_VS_LEG_SPIN, SPECIALIST_VS_OFF_SPIN"
5bdcdb72,TM Dilshan,586,110.92,24.07,27.0,394,114.97,34.85,13.0,VULNERABLE_VS_LEFT_ARM_SPIN
12b610c2,TM Head,477,176.31,38.23,22.0,202,157.43,28.91,11.0,"SPECIALIST_VS_PACE, SPECIALIST_VS_SPIN, VULNERABLE_VS_LEFT_ARM_WRIST_SPIN, SPECIALIST_VS_LEG_SPIN, SPECIALIST_VS_OFF_SPIN"
d2d4bb0a,TR Birt,30,156.67,15.67,3.0,27,103.7,14.0,2.0,"VULNERABLE_VS_PACE, VULNERABLE_VS_OFF_SPIN"
b0482a1d,Tilak Varma,595,144.71,29.69,29.0,448,143.3,71.33,9.0,"SPECIALIST_VS_PACE, SPECIALIST_VS_SPIN, SPECIALIST_VS_LEFT_ARM_SPIN, SPECIALIST_VS_LEFT_ARM_WRIST_SPIN, SPECIALIST_VS_LEG_SPIN, SPECIALIST_VS_OFF_SPIN"
0c94f480,UBT Chand,187,91.98,12.29,14.0,110,115.45,21.17,6.0,"VULNERABLE_VS_PACE, SPECIALIST_VS_LEFT_ARM_SPIN, VULNERABLE_VS_LEG_SPIN, VULNERABLE_VS_OFF_SPIN"
331ea488,UT Khawaja,73,131.51,32.0,3.0,26,119.23,15.5,2.0,"SPECIALIST_VS_PACE, VULNERABLE_VS_LEFT_ARM_SPIN, VULNERABLE_VS_LEG_SPIN"
cc1e8c68,UT Yadav,169,111.24,14.46,13.0,37,83.78,5.17,6.0,"VULNERABLE_VS_SPIN, VULNERABLE_VS_LEFT_ARM_SPIN, VULNERABLE_VS_LEFT_ARM_WRIST_SPIN, VULNERABLE_VS_LEG_SPIN, VULNERABLE_VS_OFF_SPIN"
ba607b88,V Kohli,3833,138.27,34.87,152.0,2608,124.58,51.57,63.0,"SPECIALIST_VS_PACE, SPECIALIST_VS_LEFT_ARM_WRIST_SPIN, SPECIALIST_VS_LEG_SPIN"
5ffc0565,V Nigam,35,134.29,15.67,3.0,43,220.93,95.0,1.0,"VULNERABLE_VS_PACE, SPECIALIST_VS_SPIN, SPECIALIST_VS_LEFT_ARM_SPIN"
8ba8195d,V Sehwag,1272,148.27,26.94,70.0,420,170.71,34.14,21.0,"SPECIALIST_VS_PACE, SPECIALIST_VS_SPIN, SPECIALIST_VS_LEFT_ARM_SPIN, SPECIALIST_VS_LEG_SPIN"
0994d0ae,V Shankar,587,135.26,27.38,29.0,355,122.25,28.93,15.0,"SPECIALIST_VS_PACE, VULNERABLE_VS_LEG_SPIN"
470f446b,V Suryavanshi,76,188.16,35.75,4.0,45,193.33,29.0,3.0,"SPECIALIST_VS_PACE, SPECIALIST_VS_SPIN, VULNERABLE_VS_OFF_SPIN"
0a3d54b9,VR Aaron,62,69.35,14.33,3.0,9,66.67,6.0,1.0,"VULNERABLE_VS_PACE, VULNERABLE_VS_LEFT_ARM_SPIN, VULNERABLE_VS_OFF_SPIN"
a24be938,VR Iyer,736,138.59,34.0,30.0,349,123.21,22.63,19.0,"SPECIALIST_VS_PACE, SPECIALIST_VS_LEFT_ARM_SPIN, VULNERABLE_VS_LEFT_ARM_WRIST_SPIN, SPECIALIST_VS_LEG_SPIN, VULNERABLE_VS_OFF_SPIN"
de8cce37,VVS Laxman,186,96.24,17.9,10.0,76,119.74,15.17,6.0,"VULNERABLE_VS_PACE, VULNERABLE_VS_LEFT_ARM_SPIN, VULNERABLE_VS_OFF_SPIN"
0494fa6e,Vishnu Vinod,46,100.0,7.67,6.0,10,90.0,,0.0,"VULNERABLE_VS_PACE, VULNERABLE_VS_LEFT_ARM_SPIN, VULNERABLE_VS_LEFT_ARM_WRIST_SPIN"
619aa81f,W Jaffer,102,97.06,19.8,5.0,19,163.16,15.5,2.0,"VULNERABLE_VS_PACE, VULNERABLE_VS_LEFT_ARM_SPIN"
3dba85c2,WA Mota,38,89.47,17.0,2.0,37,59.46,7.33,3.0,"VULNERABLE_VS_PACE, VULNERABLE_VS_SPIN, VULNERABLE_VS_LEFT_ARM_SPIN, VULNERABLE_VS_OFF_SPIN"
3a60e0b5,WD Parnell,51,82.35,7.0,6.0,29,79.31,5.75,4.0,"VULNERABLE_VS_PACE, VULNERABLE_VS_LEFT_ARM_SPIN, VULNERABLE_VS_LEG_SPIN, VULNERABLE_VS_OFF_SPIN"
9caf69a1,WG Jacks,168,175.0,42.0,7.0,139,127.34,22.12,8.0,"SPECIALIST_VS_PACE, VULNERABLE_VS_OFF_SPIN"
fe11caa6,WP Saha,1572,132.0,25.62,81.0,748,116.04,22.84,38.0,"SPECIALIST_VS_PACE, SPECIALIST_VS_LEFT_ARM_WRIST_SPIN"
bcce309e,WPUJC Vaas,43,102.33,7.33,6.0,21,80.95,17.0,1.0,"VULNERABLE_VS_PACE, VULNERABLE_VS_LEFT_ARM_SPIN, VULNERABLE_VS_LEG_SPIN, VULNERABLE_VS_OFF_SPIN"
f19ccfad,Washington Sundar,278,146.04,17.65,23.0,128,85.16,13.62,8.0,"VULNERABLE_VS_SPIN, VULNERABLE_VS_LEFT_ARM_SPIN, VULNERABLE_VS_LEFT_ARM_WRIST_SPIN, VULNERABLE_VS_LEG_SPIN, VULNERABLE_VS_OFF_SPIN"
662c47a6,Y Nagar,161,114.91,15.42,12.0,98,102.04,50.0,2.0,"VULNERABLE_VS_SPIN, VULNERABLE_VS_LEG_SPIN, VULNERABLE_VS_OFF_SPIN"
fe763256,Y Venugopal Rao,492,116.26,23.83,24.0,318,123.27,24.5,16.0,VULNERABLE_VS_LEG_SPIN
6c19c6e5,YBK Jaiswal,1028,156.23,30.88,52.0,420,143.1,54.64,11.0,"SPECIALIST_VS_PACE, SPECIALIST_VS_SPIN, SPECIALIST_VS_LEFT_ARM_SPIN, SPECIALIST_VS_LEG_SPIN, SPECIALIST_VS_OFF_SPIN"
3c6ffae8,YK Pathan,1487,142.1,30.62,69.0,713,144.6,32.22,32.0,"SPECIALIST_VS_PACE, SPECIALIST_VS_SPIN, SPECIALIST_VS_LEFT_ARM_SPIN, SPECIALIST_VS_LEG_SPIN, SPECIALIST_VS_OFF_SPIN"
57ee1fde,YS Chahal,64,46.88,7.5,4.0,22,31.82,3.5,2.0,"VULNERABLE_VS_PACE, VULNERABLE_VS_LEFT_ARM_SPIN, VULNERABLE_VS_LEG_SPIN"
4e04666c,YV Takawale,121,113.22,34.25,4.0,56,96.43,13.5,4.0,"VULNERABLE_VS_SPIN, VULNERABLE_VS_LEFT_ARM_SPIN, VULNERABLE_VS_OFF_SPIN"
297b26da,Yashpal Singh,48,64.58,15.5,2.0,14,92.86,6.5,2.0,"VULNERABLE_VS_PACE, VULNERABLE_VS_LEG_SPIN, VULNERABLE_VS_OFF_SPIN"
1c914163,Yuvraj Singh,1179,130.03,22.22,69.0,910,128.35,31.57,37.0,"SPECIALIST_VS_PACE, SPECIALIST_VS_LEFT_ARM_SPIN, SPECIALIST_VS_LEFT_ARM_WRIST_SPIN, SPECIALIST_VS_LEG_SPIN"
91a4a398,Z Khan,93,91.4,9.44,9.0,43,62.79,6.75,4.0,"VULNERABLE_VS_PACE, VULNERABLE_VS_SPIN, VULNERABLE_VS_LEFT_ARM_SPIN, VULNERABLE_VS_LEG_SPIN, VULNERABLE_VS_OFF_SPIN"
