player_id,player_name,pressure_band,innings,balls_faced,runs,strike_rate,batting_average,boundary_pct,dot_ball_pct,six_pct,dismissals
872b03f7,A Badoni,COMFORTABLE,3,36,32,88.89,16.0,8.33,41.67,0.0,2
872b03f7,A Badoni,EXTREME,5,39,58,148.72,58.0,17.95,23.08,7.69,1
872b03f7,A Badoni,HIGH,7,38,29,76.32,9.67,5.26,50.0,2.63,3
872b03f7,A Badoni,NEAR_IMPOSSIBLE,6,65,105,161.54,35.0,16.92,21.54,9.23,3
0890552f,A Manohar,BUILDING,1,15,14,93.33,,6.67,40.0,6.67,0
b2b4f545,A Mhatre,HIGH,1,48,94,195.83,94.0,29.17,20.83,10.42,1
acdc62f5,A Nortje,NEAR_IMPOSSIBLE,4,23,27,117.39,13.5,17.39,34.78,0.0,2
d7017798,A Raghuvanshi,COMFORTABLE,3,46,62,134.78,31.0,19.57,32.61,4.35,2
d7017798,A Raghuvanshi,NEAR_IMPOSSIBLE,3,32,39,121.88,19.5,15.63,31.25,0.0,2
bbd41817,AD Russell,EXTREME,5,44,69,156.82,17.25,22.73,38.64,9.09,4
bbd41817,AD Russell,NEAR_IMPOSSIBLE,5,32,45,140.63,11.25,21.88,53.13,12.5,4
6a26221c,AK Markram,BUILDING,6,62,84,135.48,,19.35,32.26,1.61,0
6a26221c,AK Markram,COMFORTABLE,3,62,98,158.06,49.0,20.97,22.58,1.61,2
6a26221c,AK Markram,EXTREME,3,17,17,100.0,5.67,11.76,47.06,5.88,3
6a26221c,AK Markram,HIGH,10,90,102,113.33,14.57,13.33,36.67,1.11,7
29e95537,AM Rahane,BUILDING,4,61,89,145.9,29.67,13.11,29.51,8.2,3
29e95537,AM Rahane,COMFORTABLE,5,80,115,143.75,28.75,18.75,28.75,6.25,4
29e95537,AM Rahane,EXTREME,7,64,87,135.94,21.75,12.5,20.31,3.13,4
29e95537,AM Rahane,HIGH,7,84,138,164.29,138.0,26.19,29.76,7.14,1
2e171977,AR Patel,BUILDING,4,38,55,144.74,27.5,23.68,31.58,0.0,2
2e171977,AR Patel,COMFORTABLE,4,38,52,136.84,52.0,18.42,42.11,13.16,1
2e171977,AR Patel,HIGH,5,60,108,180.0,36.0,26.67,26.67,11.67,3
2e171977,AR Patel,NEAR_IMPOSSIBLE,11,75,104,138.67,14.86,14.67,22.67,5.33,7
70d205c9,AT Rayudu,COMFORTABLE,3,36,41,113.89,20.5,13.89,38.89,2.78,2
8e514b4c,Abdul Samad,HIGH,5,16,23,143.75,23.0,18.75,25.0,6.25,1
8e514b4c,Abdul Samad,NEAR_IMPOSSIBLE,10,95,112,117.89,28.0,12.63,35.79,6.32,4
f29185a1,Abhishek Sharma,BUILDING,7,49,96,195.92,24.0,30.61,28.57,16.33,4
f29185a1,Abhishek Sharma,COMFORTABLE,3,27,87,322.22,43.5,59.26,25.93,33.33,2
f29185a1,Abhishek Sharma,EXTREME,3,67,123,183.58,123.0,25.37,25.37,8.96,1
f29185a1,Abhishek Sharma,HIGH,12,130,268,206.15,33.5,34.62,29.23,14.62,8
f29185a1,Abhishek Sharma,NEAR_IMPOSSIBLE,1,17,33,194.12,33.0,29.41,23.53,17.65,1
ad3b6e95,Abishek Porel,BUILDING,5,38,43,113.16,10.75,10.53,34.21,2.63,4
ad3b6e95,Abishek Porel,COMFORTABLE,3,50,86,172.0,43.0,24.0,20.0,8.0,2
ad3b6e95,Abishek Porel,EXTREME,4,53,83,156.6,83.0,22.64,30.19,1.89,1
ad3b6e95,Abishek Porel,HIGH,4,29,28,96.55,9.33,10.34,34.48,0.0,3
ad3b6e95,Abishek Porel,NEAR_IMPOSSIBLE,4,24,16,66.67,4.0,8.33,54.17,0.0,4
378daa89,Aman Hakim Khan,NEAR_IMPOSSIBLE,4,21,21,100.0,7.0,9.52,38.1,0.0,3
a3b0600d,Aniket Verma,BUILDING,1,19,19,100.0,19.0,10.53,52.63,10.53,1
1399b39c,Anmolpreet Singh,HIGH,2,26,33,126.92,16.5,19.23,46.15,3.85,2
c8f5f961,Anuj Rawat,EXTREME,3,18,10,55.56,10.0,0.0,50.0,0.0,1
c8f5f961,Anuj Rawat,HIGH,2,17,12,70.59,,5.88,47.06,0.0,0
12314277,Arshad Khan,NEAR_IMPOSSIBLE,3,38,64,168.42,21.33,23.68,42.11,18.42,3
84d9c311,Ashutosh Sharma,EXTREME,6,39,59,151.28,59.0,15.38,23.08,10.26,1
84d9c311,Ashutosh Sharma,HIGH,6,46,64,139.13,,19.57,43.48,10.87,0
84d9c311,Ashutosh Sharma,NEAR_IMPOSSIBLE,8,50,103,206.0,17.17,34.0,26.0,14.0,6
1ac746c8,Atharva Taide,EXTREME,2,38,64,168.42,,26.32,23.68,2.63,0
1ac746c8,Atharva Taide,HIGH,3,34,40,117.65,20.0,17.65,41.18,5.88,2
1ac746c8,Atharva Taide,NEAR_IMPOSSIBLE,2,27,38,140.74,38.0,14.81,22.22,3.7,1
2e81a32d,B Kumar,EXTREME,2,16,17,106.25,,12.5,37.5,0.0,0
2e81a32d,B Kumar,NEAR_IMPOSSIBLE,7,44,43,97.73,10.75,11.36,45.45,0.0,4
d5130a30,B Sai Sudharsan,BUILDING,11,183,258,140.98,43.0,19.67,28.42,1.64,6
d5130a30,B Sai Sudharsan,COMFORTABLE,7,83,104,125.3,52.0,15.66,36.14,4.82,2
d5130a30,B Sai Sudharsan,EXTREME,6,130,206,158.46,68.67,20.77,23.85,6.15,3
d5130a30,B Sai Sudharsan,HIGH,10,122,172,140.98,86.0,18.85,26.23,3.28,2
d5130a30,B Sai Sudharsan,NEAR_IMPOSSIBLE,3,22,26,118.18,8.67,13.64,36.36,0.0,3
eaa76d3c,C Green,BUILDING,4,34,57,167.65,57.0,20.59,26.47,11.76,1
eaa76d3c,C Green,EXTREME,5,73,109,149.32,36.33,16.44,30.14,10.96,3
eaa76d3c,C Green,HIGH,9,79,140,177.22,46.67,30.38,32.91,8.86,3
844e79d1,D Brevis,BUILDING,2,55,76,138.18,,16.36,38.18,9.09,0
844e79d1,D Brevis,HIGH,2,16,19,118.75,9.5,18.75,62.5,12.5,2
2c25d4f5,D Padikkal,BUILDING,8,61,88,144.26,44.0,24.59,37.7,4.92,2
2c25d4f5,D Padikkal,COMFORTABLE,3,58,94,162.07,47.0,24.14,32.76,8.62,2
2c25d4f5,D Padikkal,EXTREME,3,25,26,104.0,26.0,8.0,32.0,0.0,1
2c25d4f5,D Padikkal,HIGH,7,78,80,102.56,20.0,11.54,43.59,3.85,4
d67d5f00,DA Miller,BUILDING,6,38,41,107.89,20.5,7.89,21.05,2.63,2
d67d5f00,DA Miller,COMFORTABLE,8,46,64,139.13,64.0,17.39,23.91,4.35,1
d67d5f00,DA Miller,EXTREME,8,69,97,140.58,48.5,18.84,27.54,2.9,2
d67d5f00,DA Miller,HIGH,5,24,47,195.83,,29.17,25.0,12.5,0
d67d5f00,DA Miller,NEAR_IMPOSSIBLE,5,31,61,196.77,12.2,29.03,25.81,12.9,5
dcce6f09,DA Warner,BUILDING,9,89,124,139.33,31.0,24.72,44.94,4.49,4
dcce6f09,DA Warner,COMFORTABLE,2,56,87,155.36,43.5,30.36,39.29,1.79,2
dcce6f09,DA Warner,EXTREME,6,73,94,128.77,47.0,16.44,34.25,5.48,2
dcce6f09,DA Warner,HIGH,6,43,46,106.98,15.33,20.93,55.81,0.0,3
dcce6f09,DA Warner,NEAR_IMPOSSIBLE,4,66,95,143.94,31.67,15.15,25.76,4.55,3
73ad96ed,DJ Hooda,COMFORTABLE,4,33,29,87.88,7.25,9.09,45.45,3.03,4
73ad96ed,DJ Hooda,EXTREME,3,17,18,105.88,18.0,5.88,17.65,0.0,1
73ad96ed,DJ Hooda,HIGH,6,46,51,110.87,10.2,15.22,47.83,6.52,5
eade4650,DJ Mitchell,BUILDING,1,17,16,94.12,16.0,5.88,41.18,5.88,1
eade4650,DJ Mitchell,COMFORTABLE,3,33,53,160.61,26.5,21.21,24.24,6.06,2
eade4650,DJ Mitchell,EXTREME,2,49,89,181.63,89.0,24.49,20.41,10.2,1
eade4650,DJ Mitchell,HIGH,2,15,12,80.0,12.0,6.67,40.0,0.0,1
7f048519,DJ Willey,NEAR_IMPOSSIBLE,2,28,29,103.57,,10.71,35.71,0.0,0
df5a6881,DP Conway,BUILDING,4,44,45,102.27,22.5,11.36,36.36,0.0,2
df5a6881,DP Conway,COMFORTABLE,3,100,121,121.0,60.5,17.0,33.0,1.0,2
df5a6881,DP Conway,EXTREME,2,18,26,144.44,26.0,16.67,27.78,5.56,1
df5a6881,DP Conway,HIGH,5,66,88,133.33,29.33,18.18,33.33,3.03,3
df5a6881,DP Conway,NEAR_IMPOSSIBLE,1,19,28,147.37,,10.53,10.53,5.26,0
bcf325d2,Dhruv Jurel,BUILDING,7,36,49,136.11,,13.89,25.0,2.78,0
bcf325d2,Dhruv Jurel,EXTREME,12,64,96,150.0,24.0,20.31,32.81,10.94,4
bcf325d2,Dhruv Jurel,HIGH,11,76,86,113.16,43.0,11.84,39.47,5.26,2
bcf325d2,Dhruv Jurel,NEAR_IMPOSSIBLE,10,96,194,202.08,48.5,31.25,26.04,14.58,4
3355b542,F du Plessis,BUILDING,9,115,182,158.26,36.4,23.48,34.78,8.7,5
3355b542,F du Plessis,COMFORTABLE,3,58,124,213.79,41.33,34.48,24.14,12.07,3
3355b542,F du Plessis,EXTREME,2,23,40,173.91,,30.43,34.78,8.7,0
3355b542,F du Plessis,HIGH,9,141,226,160.28,28.25,24.11,31.91,9.22,8
3204c99f,G Coetzee,NEAR_IMPOSSIBLE,4,18,24,133.33,8.0,22.22,55.56,11.11,3
b681e71e,GJ Maxwell,EXTREME,3,19,25,131.58,,15.79,31.58,5.26,0
b681e71e,GJ Maxwell,HIGH,5,50,84,168.0,21.0,24.0,38.0,16.0,4
235c2bb6,H Klaasen,BUILDING,4,61,100,163.93,50.0,19.67,21.31,9.84,2
235c2bb6,H Klaasen,COMFORTABLE,2,19,26,136.84,,15.79,21.05,0.0,0
235c2bb6,H Klaasen,EXTREME,11,85,141,165.88,47.0,20.0,21.18,10.59,3
235c2bb6,H Klaasen,HIGH,9,42,61,145.24,30.5,14.29,21.43,4.76,2
235c2bb6,H Klaasen,NEAR_IMPOSSIBLE,7,80,134,167.5,26.8,21.25,26.25,13.75,5
4ae1755b,HC Brook,COMFORTABLE,2,28,20,71.43,10.0,10.71,60.71,0.0,2
dbe50b21,HH Pandya,BUILDING,7,63,61,96.83,12.2,7.94,34.92,1.59,5
dbe50b21,HH Pandya,COMFORTABLE,6,52,106,203.85,53.0,34.62,28.85,13.46,2
dbe50b21,HH Pandya,EXTREME,7,26,49,188.46,49.0,26.92,34.62,19.23,1
dbe50b21,HH Pandya,HIGH,3,16,22,137.5,22.0,25.0,37.5,0.0,1
dbe50b21,HH Pandya,NEAR_IMPOSSIBLE,9,97,140,144.33,20.0,17.53,28.87,6.19,7
f986ca1a,HV Patel,NEAR_IMPOSSIBLE,4,16,15,93.75,5.0,12.5,56.25,6.25,3
c05edf8e,Harpreet Brar,NEAR_IMPOSSIBLE,6,22,19,86.36,9.5,9.09,36.36,0.0,2
28c78fb3,Harpreet Singh,BUILDING,2,31,35,112.9,35.0,16.13,41.94,3.23,1
28c78fb3,Harpreet Singh,HIGH,1,15,13,86.67,13.0,13.33,60.0,0.0,1
77b1aa15,Harshit Rana,NEAR_IMPOSSIBLE,2,26,39,150.0,39.0,23.08,42.31,11.54,1
752f7486,Ishan Kishan,BUILDING,12,159,265,166.67,26.5,27.04,34.59,9.43,10
752f7486,Ishan Kishan,COMFORTABLE,4,49,80,163.27,80.0,28.57,40.82,6.12,1
752f7486,Ishan Kishan,EXTREME,8,86,123,143.02,24.6,19.77,32.56,5.81,5
752f7486,Ishan Kishan,HIGH,11,128,166,129.69,33.2,20.31,43.75,6.25,5
9b6e1b3f,J Fraser-McGurk,BUILDING,4,48,66,137.5,66.0,20.83,52.08,12.5,1
9b6e1b3f,J Fraser-McGurk,COMFORTABLE,3,43,75,174.42,25.0,27.91,39.53,11.63,3
9b6e1b3f,J Fraser-McGurk,EXTREME,1,18,65,361.11,65.0,66.67,16.67,38.89,1
5574750c,JC Archer,NEAR_IMPOSSIBLE,4,28,35,125.0,11.67,14.29,39.29,7.14,3
99b75528,JC Buttler,BUILDING,12,177,240,135.59,30.0,20.34,37.29,4.52,8
99b75528,JC Buttler,COMFORTABLE,5,62,104,167.74,52.0,22.58,30.65,11.29,2
99b75528,JC Buttler,EXTREME,6,65,93,143.08,46.5,16.92,29.23,6.15,2
99b75528,JC Buttler,HIGH,8,94,134,142.55,26.8,20.21,36.17,5.32,5
99b75528,JC Buttler,NEAR_IMPOSSIBLE,3,33,66,200.0,33.0,27.27,18.18,9.09,2
d1c36f5c,JJ Roy,BUILDING,2,49,78,159.18,39.0,30.61,36.73,2.04,2
d1c36f5c,JJ Roy,COMFORTABLE,2,18,17,94.44,17.0,11.11,50.0,0.0,1
d1c36f5c,JJ Roy,NEAR_IMPOSSIBLE,1,24,49,204.17,49.0,33.33,20.83,12.5,1
abb83e27,JM Bairstow,BUILDING,7,46,68,147.83,22.67,26.09,43.48,4.35,3
abb83e27,JM Bairstow,COMFORTABLE,3,33,47,142.42,47.0,21.21,36.36,6.06,1
abb83e27,JM Bairstow,EXTREME,2,55,109,198.18,54.5,32.73,30.91,14.55,2
abb83e27,JM Bairstow,HIGH,4,36,51,141.67,25.5,19.44,30.56,5.56,2
800d2d97,JM Sharma,BUILDING,6,45,58,128.89,14.5,13.33,37.78,11.11,4
800d2d97,JM Sharma,EXTREME,9,65,125,192.31,31.25,27.69,20.0,10.77,4
800d2d97,JM Sharma,HIGH,4,31,51,164.52,,25.81,32.26,6.45,0
800d2d97,JM Sharma,NEAR_IMPOSSIBLE,6,25,35,140.0,5.83,16.0,48.0,16.0,6
989889ff,JP Inglis,BUILDING,3,35,82,234.29,,40.0,20.0,14.29,0
989889ff,JP Inglis,COMFORTABLE,2,23,20,86.96,20.0,13.04,47.83,0.0,1
989889ff,JP Inglis,HIGH,3,48,61,127.08,30.5,18.75,45.83,6.25,2
c03f1114,KD Karthik,COMFORTABLE,2,15,21,140.0,21.0,20.0,33.33,0.0,1
c03f1114,KD Karthik,EXTREME,4,25,31,124.0,15.5,12.0,16.0,0.0,2
c03f1114,KD Karthik,HIGH,3,18,33,183.33,,27.78,27.78,5.56,0
c03f1114,KD Karthik,NEAR_IMPOSSIBLE,6,59,109,184.75,27.25,27.12,32.2,15.25,4
5b8c830e,KH Pandya,BUILDING,2,41,51,124.39,,14.63,39.02,4.88,0
5b8c830e,KH Pandya,COMFORTABLE,3,57,71,124.56,23.67,19.3,50.88,3.51,3
5b8c830e,KH Pandya,EXTREME,4,22,20,90.91,10.0,9.09,45.45,4.55,2
5b8c830e,KH Pandya,HIGH,3,22,37,168.18,37.0,22.73,31.82,9.09,1
5b8c830e,KH Pandya,NEAR_IMPOSSIBLE,5,18,15,83.33,3.75,11.11,50.0,0.0,4
944533a5,KK Nair,BUILDING,1,19,56,294.74,56.0,52.63,15.79,26.32,1
944533a5,KK Nair,HIGH,3,60,91,151.67,45.5,26.67,35.0,3.33,2
b17e2f24,KL Rahul,BUILDING,7,102,141,138.24,70.5,17.65,29.41,4.9,2
b17e2f24,KL Rahul,COMFORTABLE,6,146,206,141.1,68.67,19.18,32.88,4.79,3
b17e2f24,KL Rahul,EXTREME,4,42,39,92.86,13.0,4.76,28.57,2.38,3
b17e2f24,KL Rahul,HIGH,12,140,200,142.86,40.0,20.0,32.14,3.57,5
73c18486,KR Mayers,BUILDING,2,22,18,81.82,18.0,13.64,59.09,0.0,1
73c18486,KR Mayers,COMFORTABLE,3,35,37,105.71,12.33,14.29,48.57,2.86,3
73c18486,KR Mayers,HIGH,4,54,100,185.19,33.33,35.19,46.3,7.41,3
8d2c70ad,Kuldeep Yadav,NEAR_IMPOSSIBLE,9,47,33,70.21,8.25,2.13,44.68,0.0,4
50c6bc2b,LS Livingstone,EXTREME,5,44,72,163.64,24.0,20.45,25.0,13.64,3
50c6bc2b,LS Livingstone,HIGH,3,16,24,150.0,24.0,18.75,31.25,12.5,1
50c6bc2b,LS Livingstone,NEAR_IMPOSSIBLE,4,52,100,192.31,50.0,28.85,26.92,15.38,2
ad427b5c,Lalit Yadav,EXTREME,3,25,37,148.0,,16.0,16.0,0.0,0
ad427b5c,Lalit Yadav,NEAR_IMPOSSIBLE,6,27,21,77.78,5.25,7.41,44.44,0.0,4
7dcb9bc9,M Shahrukh Khan,EXTREME,6,24,49,204.17,,29.17,25.0,20.83,0
7dcb9bc9,M Shahrukh Khan,NEAR_IMPOSSIBLE,9,51,84,164.71,16.8,19.61,21.57,9.8,5
00ea847a,MA Agarwal,BUILDING,4,34,41,120.59,13.67,11.76,29.41,2.94,3
00ea847a,MA Agarwal,COMFORTABLE,4,51,68,133.33,68.0,23.53,43.14,1.96,1
00ea847a,MA Agarwal,EXTREME,4,49,65,132.65,32.5,14.29,20.41,0.0,2
00ea847a,MA Agarwal,HIGH,5,62,90,145.16,90.0,19.35,30.65,3.23,1
da934ee8,MK Lomror,HIGH,3,26,38,146.15,12.67,19.23,38.46,11.54,3
da934ee8,MK Lomror,NEAR_IMPOSSIBLE,3,28,64,228.57,21.33,35.71,14.29,21.43,3
93b4fc78,MK Pandey,BUILDING,3,22,19,86.36,9.5,13.64,59.09,4.55,2
93b4fc78,MK Pandey,COMFORTABLE,1,23,21,91.3,21.0,8.7,34.78,0.0,1
93b4fc78,MK Pandey,HIGH,4,40,41,102.5,20.5,7.5,35.0,2.5,2
93b4fc78,MK Pandey,NEAR_IMPOSSIBLE,1,23,37,160.87,37.0,21.74,34.78,13.04,1
bb351c23,MM Ali,COMFORTABLE,3,26,18,69.23,18.0,3.85,46.15,0.0,1
bb351c23,MM Ali,EXTREME,3,39,61,156.41,61.0,20.51,33.33,12.82,1
bb351c23,MM Ali,NEAR_IMPOSSIBLE,3,15,21,140.0,7.0,26.67,46.67,6.67,3
d9273ee7,MP Stoinis,BUILDING,1,20,36,180.0,,30.0,30.0,5.0,0
d9273ee7,MP Stoinis,COMFORTABLE,4,79,92,116.46,46.0,16.46,46.84,5.06,2
d9273ee7,MP Stoinis,EXTREME,9,102,177,173.53,59.0,24.51,26.47,10.78,3
d9273ee7,MP Stoinis,HIGH,7,44,44,100.0,22.0,15.91,40.91,0.0,2
d9273ee7,MP Stoinis,NEAR_IMPOSSIBLE,8,49,77,157.14,12.83,18.37,30.61,12.24,6
3d8feaf8,MR Marsh,BUILDING,6,62,98,158.06,49.0,25.81,35.48,9.68,2
3d8feaf8,MR Marsh,COMFORTABLE,4,36,45,125.0,11.25,19.44,38.89,0.0,4
3d8feaf8,MR Marsh,EXTREME,3,18,12,66.67,4.0,11.11,61.11,0.0,3
3d8feaf8,MR Marsh,HIGH,4,35,53,151.43,26.5,17.14,31.43,14.29,2
4a8a2e3b,MS Dhoni,EXTREME,5,19,32,168.42,,21.05,21.05,10.53,0
4a8a2e3b,MS Dhoni,NEAR_IMPOSSIBLE,10,89,153,171.91,51.0,22.47,19.1,11.24,3
a90e53ec,MW Short,BUILDING,2,26,35,134.62,17.5,23.08,50.0,7.69,2
bd54eef5,N Jagadeesan,EXTREME,2,21,28,133.33,14.0,19.05,42.86,4.76,2
3241e3fd,N Pooran,BUILDING,6,41,91,221.95,91.0,36.59,36.59,21.95,1
3241e3fd,N Pooran,COMFORTABLE,6,51,80,156.86,26.67,21.57,39.22,13.73,3
3241e3fd,N Pooran,EXTREME,10,61,125,204.92,41.67,29.51,24.59,18.03,3
3241e3fd,N Pooran,HIGH,8,61,137,224.59,68.5,36.07,29.51,19.67,2
3241e3fd,N Pooran,NEAR_IMPOSSIBLE,8,50,83,166.0,20.75,24.0,30.0,10.0,4
fb2d1dda,N Rana,BUILDING,6,62,82,132.26,41.0,17.74,32.26,4.84,2
fb2d1dda,N Rana,COMFORTABLE,2,36,47,130.56,47.0,16.67,33.33,2.78,1
fb2d1dda,N Rana,EXTREME,7,68,112,164.71,37.33,27.94,36.76,8.82,3
fb2d1dda,N Rana,HIGH,7,92,124,134.78,31.0,21.74,39.13,4.35,4
fb2d1dda,N Rana,NEAR_IMPOSSIBLE,4,22,34,154.55,11.33,18.18,36.36,13.64,3
d1a60072,N Wadhera,COMFORTABLE,6,55,96,174.55,48.0,29.09,40.0,14.55,2
d1a60072,N Wadhera,EXTREME,4,39,55,141.03,55.0,15.38,30.77,7.69,1
d1a60072,N Wadhera,HIGH,9,90,107,118.89,35.67,14.44,37.78,3.33,3
d1a60072,N Wadhera,NEAR_IMPOSSIBLE,6,43,67,155.81,11.17,23.26,34.88,9.3,6
fffa744b,Naman Dhir,BUILDING,4,40,48,120.0,12.0,22.5,47.5,2.5,4
fffa744b,Naman Dhir,NEAR_IMPOSSIBLE,4,36,73,202.78,,30.56,22.22,11.11,0
aad0c365,Nithish Kumar Reddy,BUILDING,2,21,35,166.67,,19.05,23.81,9.52,0
aad0c365,Nithish Kumar Reddy,HIGH,5,47,52,110.64,26.0,8.51,38.3,4.26,2
9418198b,P Simran Singh,BUILDING,13,159,247,155.35,27.44,25.16,39.62,9.43,9
9418198b,P Simran Singh,COMFORTABLE,4,33,57,172.73,19.0,27.27,27.27,6.06,3
9418198b,P Simran Singh,EXTREME,5,46,80,173.91,20.0,30.43,43.48,10.87,4
9418198b,P Simran Singh,HIGH,10,110,130,118.18,18.57,16.36,40.91,3.64,7
3d284ca3,PD Salt,BUILDING,9,125,215,172.0,71.67,28.8,36.0,9.6,3
3d284ca3,PD Salt,COMFORTABLE,10,163,322,197.55,46.0,34.36,28.22,10.43,7
3d284ca3,PD Salt,EXTREME,2,18,24,133.33,12.0,16.67,33.33,5.56,2
3d284ca3,PD Salt,HIGH,4,52,88,169.23,88.0,26.92,30.77,7.69,1
08548b13,PHKD Mendis,BUILDING,2,30,51,170.0,,20.0,20.0,0.0,0
08548b13,PHKD Mendis,HIGH,3,20,28,140.0,,15.0,35.0,10.0,0
ded9240e,PJ Cummins,EXTREME,2,18,29,161.11,29.0,22.22,33.33,11.11,1
ded9240e,PJ Cummins,NEAR_IMPOSSIBLE,3,24,30,125.0,15.0,16.67,37.5,4.17,2
663b5e34,PN Mankad,EXTREME,1,18,28,155.56,,22.22,33.33,11.11,0
663b5e34,PN Mankad,HIGH,1,23,32,139.13,,21.74,34.78,0.0,0
98ae73b1,PP Chawla,NEAR_IMPOSSIBLE,3,15,18,120.0,6.0,13.33,40.0,6.67,3
8b3e9c7c,PP Shaw,BUILDING,3,26,34,130.77,17.0,23.08,38.46,0.0,2
8b3e9c7c,PP Shaw,COMFORTABLE,3,21,30,142.86,15.0,23.81,38.1,0.0,2
8b3e9c7c,PP Shaw,EXTREME,3,46,86,186.96,43.0,34.78,30.43,4.35,2
8b3e9c7c,PP Shaw,HIGH,4,17,11,64.71,3.67,11.76,82.35,5.88,3
b5797845,Priyansh Arya,BUILDING,4,75,112,149.33,28.0,26.67,34.67,2.67,4
372455c4,Q de Kock,BUILDING,4,72,80,111.11,80.0,12.5,36.11,2.78,1
372455c4,Q de Kock,COMFORTABLE,3,51,91,178.43,45.5,25.49,27.45,15.69,2
372455c4,Q de Kock,EXTREME,3,23,29,126.09,,13.04,21.74,4.35,0
372455c4,Q de Kock,HIGH,6,54,89,164.81,17.8,27.78,29.63,5.56,5
372455c4,Q de Kock,NEAR_IMPOSSIBLE,2,21,26,123.81,13.0,9.52,28.57,9.52,2
495d42a5,R Ashwin,COMFORTABLE,2,17,22,129.41,22.0,11.76,29.41,5.88,1
495d42a5,R Ashwin,NEAR_IMPOSSIBLE,4,15,16,106.67,5.33,6.67,20.0,0.0,3
04a418e8,R Parag,BUILDING,7,74,98,132.43,24.5,14.86,33.78,8.11,4
04a418e8,R Parag,COMFORTABLE,6,62,98,158.06,49.0,24.19,35.48,8.06,2
04a418e8,R Parag,EXTREME,11,89,134,150.56,22.33,21.35,43.82,13.48,6
04a418e8,R Parag,HIGH,15,140,243,173.57,40.5,25.0,29.29,10.0,6
650d5e49,R Powell,NEAR_IMPOSSIBLE,8,42,55,130.95,13.75,16.67,38.1,7.14,4
ba5e1069,R Ravindra,BUILDING,7,43,59,137.21,19.67,18.6,37.21,6.98,3
ba5e1069,R Ravindra,COMFORTABLE,4,80,127,158.75,42.33,18.75,26.25,7.5,3
ba5e1069,R Ravindra,EXTREME,2,27,49,181.48,,22.22,11.11,7.41,0
ba5e1069,R Ravindra,HIGH,5,64,87,135.94,43.5,20.31,34.38,1.56,2
39a2dfa8,R Tewatia,EXTREME,5,26,22,84.62,,3.85,23.08,0.0,0
39a2dfa8,R Tewatia,NEAR_IMPOSSIBLE,14,89,121,135.96,20.17,15.73,31.46,6.74,6
fe93fd9d,RA Jadeja,BUILDING,4,42,55,130.95,27.5,11.9,26.19,4.76,2
fe93fd9d,RA Jadeja,EXTREME,5,22,28,127.27,28.0,13.64,22.73,0.0,1
fe93fd9d,RA Jadeja,HIGH,5,54,94,174.07,,20.37,9.26,5.56,0
fe93fd9d,RA Jadeja,NEAR_IMPOSSIBLE,9,99,157,158.59,78.5,20.2,21.21,7.07,2
77255a9e,RA Tripathi,BUILDING,9,44,57,129.55,14.25,18.18,43.18,4.55,4
77255a9e,RA Tripathi,COMFORTABLE,4,52,74,142.31,74.0,21.15,38.46,5.77,1
77255a9e,RA Tripathi,EXTREME,2,22,36,163.64,36.0,18.18,22.73,9.09,1
77255a9e,RA Tripathi,HIGH,8,61,79,129.51,15.8,19.67,37.7,4.92,5
2ed569a0,RD Chahar,NEAR_IMPOSSIBLE,3,16,21,131.25,10.5,25.0,56.25,6.25,2
45a43fe2,RD Gaikwad,BUILDING,7,43,35,81.4,11.67,11.63,55.81,0.0,3
45a43fe2,RD Gaikwad,COMFORTABLE,6,199,264,132.66,132.0,16.08,32.16,4.02,2
45a43fe2,RD Gaikwad,EXTREME,4,17,20,117.65,5.0,11.76,47.06,5.88,4
45a43fe2,RD Gaikwad,HIGH,6,78,114,146.15,28.5,20.51,30.77,2.56,4
e66732f8,RD Rickelton,BUILDING,3,39,46,117.95,46.0,17.95,46.15,2.56,1
e66732f8,RD Rickelton,COMFORTABLE,3,56,87,155.36,43.5,25.0,41.07,8.93,2
e66732f8,RD Rickelton,HIGH,3,18,28,155.56,9.33,33.33,38.89,0.0,3
740742ef,RG Sharma,BUILDING,13,207,289,139.61,32.11,20.29,39.61,8.21,9
740742ef,RG Sharma,COMFORTABLE,8,102,171,167.65,42.75,25.49,34.31,10.78,4
740742ef,RG Sharma,EXTREME,6,43,62,144.19,12.4,20.93,44.19,9.3,5
740742ef,RG Sharma,HIGH,12,155,224,144.52,44.8,23.23,42.58,7.1,5
0a509d6b,RK Singh,BUILDING,2,19,21,110.53,,10.53,36.84,5.26,0
0a509d6b,RK Singh,COMFORTABLE,5,61,68,111.48,22.67,13.11,44.26,4.92,3
0a509d6b,RK Singh,EXTREME,6,16,24,150.0,,18.75,25.0,6.25,0
0a509d6b,RK Singh,HIGH,3,18,18,100.0,18.0,5.56,33.33,0.0,1
0a509d6b,RK Singh,NEAR_IMPOSSIBLE,8,93,172,184.95,172.0,24.73,21.51,12.9,1
c740ea83,RM Patidar,BUILDING,4,30,37,123.33,,16.67,36.67,6.67,0
c740ea83,RM Patidar,COMFORTABLE,4,40,63,157.5,21.0,22.5,27.5,5.0,3
c740ea83,RM Patidar,EXTREME,3,24,39,162.5,39.0,16.67,16.67,8.33,1
c740ea83,RM Patidar,HIGH,4,32,59,184.38,19.67,28.13,34.38,15.63,3
919a3be2,RR Pant,BUILDING,3,55,73,132.73,73.0,20.0,38.18,3.64,1
919a3be2,RR Pant,COMFORTABLE,3,32,43,134.38,21.5,15.63,34.38,9.38,2
919a3be2,RR Pant,EXTREME,3,23,20,86.96,20.0,13.04,65.22,4.35,1
919a3be2,RR Pant,NEAR_IMPOSSIBLE,4,57,98,171.93,32.67,26.32,33.33,10.53,3
cad00a4d,RR Rossouw,BUILDING,4,40,45,112.5,22.5,17.5,47.5,2.5,2
cad00a4d,RR Rossouw,COMFORTABLE,4,50,85,170.0,28.33,26.0,42.0,10.0,3
cad00a4d,RR Rossouw,EXTREME,5,67,113,168.66,28.25,26.87,32.84,7.46,4
cad00a4d,RR Rossouw,HIGH,3,23,29,126.09,29.0,13.04,30.43,4.35,1
60500956,RV Patel,NEAR_IMPOSSIBLE,2,18,14,77.78,14.0,0.0,27.78,0.0,1
0bacade8,Rahmanullah Gurbaz,BUILDING,4,35,39,111.43,39.0,14.29,48.57,5.71,1
0bacade8,Rahmanullah Gurbaz,COMFORTABLE,3,45,61,135.56,20.33,24.44,51.11,8.89,3
0bacade8,Rahmanullah Gurbaz,HIGH,6,35,27,77.14,5.4,8.57,60.0,2.86,5
5f547c8b,Rashid Khan,NEAR_IMPOSSIBLE,10,73,150,205.48,37.5,32.88,35.62,17.81,4
df064e1a,Ravi Bishnoi,NEAR_IMPOSSIBLE,4,22,18,81.82,6.0,9.09,59.09,9.09,3
0a476045,S Dhawan,BUILDING,5,40,61,152.5,20.33,27.5,42.5,5.0,3
0a476045,S Dhawan,HIGH,5,55,71,129.09,35.5,18.18,40.0,3.64,2
a4e37e47,S Dube,BUILDING,4,55,61,110.91,,10.91,34.55,5.45,0
a4e37e47,S Dube,COMFORTABLE,6,89,113,126.97,28.25,15.73,43.82,10.11,4
a4e37e47,S Dube,EXTREME,8,69,97,140.58,,17.39,36.23,10.14,0
a4e37e47,S Dube,HIGH,7,68,94,138.24,31.33,16.18,32.35,7.35,3
a4e37e47,S Dube,NEAR_IMPOSSIBLE,10,72,102,141.67,17.0,16.67,29.17,6.94,6
271f83cd,SA Yadav,BUILDING,12,142,233,164.08,116.5,23.94,29.58,6.34,2
271f83cd,SA Yadav,COMFORTABLE,10,105,264,251.43,66.0,44.76,26.67,20.0,4
271f83cd,SA Yadav,EXTREME,12,140,246,175.71,61.5,28.57,25.71,5.0,4
271f83cd,SA Yadav,HIGH,11,98,156,159.18,78.0,22.45,30.61,7.14,2
271f83cd,SA Yadav,NEAR_IMPOSSIBLE,7,41,72,175.61,10.29,29.27,39.02,12.2,7
6b2ff18f,SB Dubey,NEAR_IMPOSSIBLE,7,40,68,170.0,22.67,22.5,30.0,12.5,3
1fc6ef83,SD Hope,BUILDING,1,23,29,126.09,14.5,17.39,39.13,0.0,2
1fc6ef83,SD Hope,COMFORTABLE,2,20,30,150.0,30.0,20.0,40.0,10.0,1
d014d5ac,SE Rutherford,COMFORTABLE,2,22,51,231.82,,40.91,18.18,13.64,0
d014d5ac,SE Rutherford,EXTREME,6,39,63,161.54,31.5,23.08,30.77,10.26,2
d014d5ac,SE Rutherford,HIGH,2,32,51,159.38,,18.75,28.13,12.5,0
d014d5ac,SE Rutherford,NEAR_IMPOSSIBLE,4,41,56,136.59,18.67,17.07,34.15,4.88,3
e94915e6,SM Curran,BUILDING,6,85,103,121.18,34.33,14.12,30.59,2.35,3
e94915e6,SM Curran,COMFORTABLE,4,41,54,131.71,54.0,14.63,24.39,2.44,1
e94915e6,SM Curran,EXTREME,5,35,40,114.29,10.0,5.71,28.57,0.0,4
e94915e6,SM Curran,HIGH,9,67,77,114.93,19.25,13.43,43.28,5.97,4
e94915e6,SM Curran,NEAR_IMPOSSIBLE,5,23,41,178.26,10.25,26.09,30.43,8.7,4
1abb78f8,SN Thakur,NEAR_IMPOSSIBLE,4,17,18,105.88,9.0,11.76,29.41,0.0,2
48a1d7b7,SO Hetmyer,COMFORTABLE,4,15,35,233.33,,40.0,13.33,13.33,0
48a1d7b7,SO Hetmyer,EXTREME,12,92,129,140.22,43.0,15.22,30.43,6.52,3
48a1d7b7,SO Hetmyer,HIGH,9,55,100,181.82,20.0,25.45,27.27,14.55,5
48a1d7b7,SO Hetmyer,NEAR_IMPOSSIBLE,12,84,117,139.29,19.5,16.67,34.52,8.33,6
9d430b40,SP Narine,BUILDING,2,18,37,205.56,,27.78,22.22,16.67,0
9d430b40,SP Narine,COMFORTABLE,7,60,107,178.33,15.29,31.67,41.67,13.33,7
9d430b40,SP Narine,EXTREME,6,27,43,159.26,10.75,29.63,59.26,14.81,4
9d430b40,SP Narine,HIGH,4,25,46,184.0,23.0,36.0,36.0,12.0,2
85ec8e33,SS Iyer,BUILDING,5,25,38,152.0,,20.0,32.0,12.0,0
85ec8e33,SS Iyer,COMFORTABLE,10,152,254,167.11,127.0,23.03,24.34,9.87,2
85ec8e33,SS Iyer,HIGH,5,75,135,180.0,67.5,24.0,18.67,9.33,2
9385de2e,SS Prabhudessai,HIGH,2,17,26,152.94,,17.65,23.53,0.0,0
a4cc73aa,SV Samson,BUILDING,12,161,232,144.1,38.67,18.63,32.3,8.07,6
a4cc73aa,SV Samson,COMFORTABLE,6,64,109,170.31,54.5,26.56,35.94,10.94,2
a4cc73aa,SV Samson,EXTREME,6,73,147,201.37,49.0,30.14,21.92,16.44,3
a4cc73aa,SV Samson,HIGH,10,107,164,153.27,41.0,23.36,31.78,5.61,4
a4cc73aa,SV Samson,NEAR_IMPOSSIBLE,3,43,60,139.53,20.0,20.93,41.86,6.98,3
f89d3b11,Sameer Rizvi,EXTREME,2,22,40,181.82,40.0,31.82,31.82,9.09,1
f89d3b11,Sameer Rizvi,HIGH,3,26,43,165.38,43.0,23.08,23.08,11.54,1
3c28853f,Sediqullah Atal,HIGH,1,16,22,137.5,22.0,12.5,31.25,12.5,1
f9e6e7ef,Shahbaz Ahmed,COMFORTABLE,2,22,20,90.91,20.0,4.55,36.36,4.55,1
f9e6e7ef,Shahbaz Ahmed,EXTREME,3,17,10,58.82,10.0,0.0,35.29,0.0,1
f9e6e7ef,Shahbaz Ahmed,HIGH,2,16,22,137.5,,12.5,12.5,6.25,0
f9e6e7ef,Shahbaz Ahmed,NEAR_IMPOSSIBLE,4,23,38,165.22,12.67,21.74,30.43,13.04,3
26989d80,Shashank Singh,BUILDING,3,22,37,168.18,37.0,27.27,31.82,4.55,1
26989d80,Shashank Singh,COMFORTABLE,5,40,45,112.5,15.0,12.5,45.0,7.5,3
26989d80,Shashank Singh,EXTREME,8,76,142,186.84,71.0,27.63,22.37,14.47,2
26989d80,Shashank Singh,HIGH,6,42,77,183.33,77.0,23.81,19.05,11.9,1
26989d80,Shashank Singh,NEAR_IMPOSSIBLE,6,51,75,147.06,,17.65,17.65,5.88,0
b4b99816,Shubman Gill,BUILDING,11,231,296,128.14,49.33,16.45,33.33,3.46,6
b4b99816,Shubman Gill,COMFORTABLE,9,158,205,129.75,68.33,18.35,36.71,1.9,3
b4b99816,Shubman Gill,EXTREME,6,60,109,181.67,36.33,25.0,23.33,6.67,3
b4b99816,Shubman Gill,HIGH,14,148,218,147.3,27.25,16.89,27.7,8.11,8
26d041c4,Sikandar Raza,BUILDING,1,39,57,146.15,,17.95,38.46,7.69,0
26d041c4,Sikandar Raza,EXTREME,4,23,20,86.96,6.67,4.35,47.83,4.35,3
26d041c4,Sikandar Raza,HIGH,3,22,27,122.73,,13.64,36.36,4.55,0
26d041c4,Sikandar Raza,NEAR_IMPOSSIBLE,2,19,37,194.74,37.0,31.58,21.05,5.26,1
f836b33d,T Kohler-Cadmore,BUILDING,2,31,30,96.77,15.0,16.13,51.61,0.0,2
85b3fab2,T Stubbs,COMFORTABLE,3,27,46,170.37,,22.22,11.11,3.7,0
85b3fab2,T Stubbs,EXTREME,5,37,48,129.73,24.0,13.51,29.73,5.41,2
85b3fab2,T Stubbs,HIGH,6,33,32,96.97,32.0,6.06,27.27,3.03,1
85b3fab2,T Stubbs,NEAR_IMPOSSIBLE,5,77,168,218.18,84.0,29.87,14.29,18.18,2
f1f99156,TH David,COMFORTABLE,5,22,53,240.91,53.0,40.91,18.18,13.64,1
f1f99156,TH David,EXTREME,5,19,25,131.58,,10.53,21.05,5.26,0
f1f99156,TH David,HIGH,6,17,24,141.18,,17.65,29.41,0.0,0
f1f99156,TH David,NEAR_IMPOSSIBLE,12,93,159,170.97,22.71,20.43,29.03,15.05,7
12b610c2,TM Head,BUILDING,4,15,16,106.67,16.0,20.0,60.0,6.67,1
12b610c2,TM Head,COMFORTABLE,3,56,127,226.79,127.0,39.29,26.79,14.29,1
12b610c2,TM Head,EXTREME,1,29,49,168.97,,31.03,37.93,6.9,0
12b610c2,TM Head,HIGH,6,36,51,141.67,8.5,25.0,36.11,5.56,6
5724e517,Tanush Kotian,COMFORTABLE,1,25,21,84.0,,12.0,56.0,0.0,0
b0482a1d,Tilak Varma,BUILDING,8,93,126,135.48,63.0,17.2,34.41,7.53,2
b0482a1d,Tilak Varma,COMFORTABLE,7,68,102,150.0,51.0,22.06,27.94,2.94,2
b0482a1d,Tilak Varma,EXTREME,11,71,102,143.66,34.0,18.31,38.03,11.27,3
b0482a1d,Tilak Varma,HIGH,7,66,102,154.55,102.0,22.73,27.27,3.03,1
b0482a1d,Tilak Varma,NEAR_IMPOSSIBLE,7,80,152,190.0,50.67,25.0,18.75,12.5,3
cc1e8c68,UT Yadav,NEAR_IMPOSSIBLE,4,19,13,68.42,13.0,0.0,42.11,0.0,1
ba607b88,V Kohli,BUILDING,10,207,301,145.41,100.33,21.26,29.95,3.86,3
ba607b88,V Kohli,COMFORTABLE,7,159,248,155.97,124.0,18.87,24.53,8.18,2
ba607b88,V Kohli,EXTREME,4,47,77,163.83,25.67,27.66,31.91,4.26,3
ba607b88,V Kohli,HIGH,10,168,262,155.95,52.4,22.02,26.79,4.17,5
5ffc0565,V Nigam,EXTREME,3,22,56,254.55,56.0,45.45,4.55,13.64,1
5ffc0565,V Nigam,NEAR_IMPOSSIBLE,2,15,26,173.33,26.0,26.67,40.0,13.33,1
0994d0ae,V Shankar,BUILDING,7,40,52,130.0,52.0,17.5,32.5,5.0,1
0994d0ae,V Shankar,COMFORTABLE,4,28,48,171.43,48.0,25.0,35.71,10.71,1
0994d0ae,V Shankar,EXTREME,9,40,48,120.0,12.0,12.5,30.0,2.5,4
0994d0ae,V Shankar,HIGH,9,107,146,136.45,73.0,17.76,27.1,3.74,2
0994d0ae,V Shankar,NEAR_IMPOSSIBLE,4,33,50,151.52,16.67,18.18,24.24,6.06,3
470f446b,V Suryavanshi,BUILDING,5,81,182,224.69,45.5,37.04,28.4,20.99,4
470f446b,V Suryavanshi,HIGH,5,33,49,148.48,24.5,24.24,57.58,15.15,2
a24be938,VR Iyer,BUILDING,3,21,30,142.86,30.0,19.05,28.57,4.76,1
a24be938,VR Iyer,COMFORTABLE,7,116,196,168.97,65.33,24.14,30.17,10.34,3
a24be938,VR Iyer,EXTREME,6,78,100,128.21,25.0,17.95,38.46,3.85,4
a24be938,VR Iyer,HIGH,6,63,100,158.73,100.0,22.22,26.98,7.94,1
9caf69a1,WG Jacks,COMFORTABLE,5,67,114,170.15,28.5,23.88,35.82,14.93,4
9caf69a1,WG Jacks,HIGH,4,72,110,152.78,55.0,20.83,34.72,11.11,2
fe11caa6,WP Saha,BUILDING,6,52,73,140.38,18.25,21.15,30.77,5.77,4
fe11caa6,WP Saha,COMFORTABLE,6,74,97,131.08,24.25,17.57,32.43,2.7,4
fe11caa6,WP Saha,HIGH,4,54,69,127.78,23.0,22.22,44.44,1.85,3
f19ccfad,Washington Sundar,COMFORTABLE,1,23,38,165.22,38.0,21.74,21.74,8.7,1
f19ccfad,Washington Sundar,EXTREME,3,36,64,177.78,32.0,30.56,33.33,8.33,2
6c19c6e5,YBK Jaiswal,BUILDING,18,312,489,156.73,40.75,24.68,34.29,7.37,12
6c19c6e5,YBK Jaiswal,COMFORTABLE,6,117,220,188.03,220.0,30.77,30.77,8.55,1
6c19c6e5,YBK Jaiswal,EXTREME,4,15,6,40.0,1.5,0.0,46.67,0.0,4
6c19c6e5,YBK Jaiswal,HIGH,14,174,274,157.47,39.14,26.44,39.08,5.75,7
